{
  "pages/auth/login": "{{#partial \"page\"}}\n<div class=\"login\">\n    {{> components/common/breadcrumbs breadcrumbs=breadcrumbs}}\n    <h1 class=\"page-heading\">{{lang 'login.heading' }}</h1>\n    {{#if forms.login.error}}\n        {{> components/common/alert-error forms.login.error}}\n    {{/if}}\n    {{#if forms.login.success}}\n        {{> components/common/alert-success forms.login.success}}\n    {{/if}}\n    <div class=\"login-row\">\n        <form class=\"login-form form\" action=\"{{urls.auth.check_login}}\" method=\"post\">\n            {{inject 'useValidEmail' (lang 'forms.validate.common.email_address')}}\n            {{inject 'enterPass' (lang 'forms.validate.common.password')}}\n            <div class=\"form-field\">\n                <label class=\"form-label\" for=\"login_email\">{{lang 'login.field_email'}}</label>\n                <input class=\"form-input\" name=\"login_email\" id=\"login_email\" type=\"email\">\n            </div>\n            <div class=\"form-field\">\n                <label class=\"form-label\" for=\"login_pass\">{{lang 'login.field_password'}}</label>\n                <input class=\"form-input\" id=\"login_pass\" type=\"password\" name=\"login_pass\" autocomplete=\"off\">\n            </div>\n            <div class=\"form-actions\">\n                <input type=\"submit\" class=\"button button--primary\" value=\"{{lang 'login.submit_value' }}\">\n                <a class=\"forgot-password\" href=\"{{urls.auth.forgot_password}}\">{{lang 'login.forgot_password' }}</a>\n            </div>\n        </form>\n        {{#if settings.account_creation_enabled}}\n            <div class=\"new-customer\">\n                <div class=\"panel\">\n                    <div class=\"panel-header\">\n                        <h2 class=\"panel-title\">{{lang 'login.new_customer.heading' }}</h2>\n                    </div>\n                    <div class=\"panel-body\">\n                        <p class=\"new-customer-intro\">{{lang 'login.new_customer.intro' }}</p>\n                        <ul class=\"new-customer-fact-list\">\n                            <li class=\"new-customer-fact\">{{lang 'login.new_customer.fact1' }}</li>\n                            <li class=\"new-customer-fact\">{{lang 'login.new_customer.fact2' }}</li>\n                            <li class=\"new-customer-fact\">{{lang 'login.new_customer.fact3' }}</li>\n                            <li class=\"new-customer-fact\">{{lang 'login.new_customer.fact4' }}</li>\n                            <li class=\"new-customer-fact\">{{lang 'login.new_customer.fact5' }}</li>\n                        </ul>\n                        <a href=\"{{urls.auth.create_account}}\"><button class=\"button button--primary\">{{lang 'login.new_customer.create_account' }}</button></a>\n                    </div>\n                </div>\n            </div>\n        {{/if}}\n    </div>\n</div>\n{{/partial}}\n{{> layout/base}}\n",
  "components/common/breadcrumbs": "<!-- <ul class=\"breadcrumbs\" itemscope itemtype=\"http://schema.org/BreadcrumbList\">\n    {{#unless theme_settings.hide_breadcrumbs }}\n        {{#each breadcrumbs}}\n            <li class=\"breadcrumb {{#if @last}}is-active{{/if}}\" itemprop=\"itemListElement\" itemscope itemtype=\"http://schema.org/ListItem\">\n                {{#or @last (if url \"==\" null)}}\n                    <meta itemprop=\"item\" content=\"{{url}}\">\n                    <span class=\"breadcrumb-label\" itemprop=\"name\">{{name}}</span>\n                {{else}}\n                    <a href=\"{{url}}\" class=\"breadcrumb-label\" itemprop=\"item\"><span itemprop=\"name\">{{name}}</span></a>\n                {{/or}}\n                <meta itemprop=\"position\" content=\"{{add @index 1}}\" />\n            </li>\n        {{/each}}\n    {{/unless}}\n</ul> -->\n",
  "components/common/alert-error": "<div class=\"alertBox alertBox--error\">\n    <div class=\"alertBox-column alertBox-icon\">\n        <icon glyph=\"ic-error\" class=\"icon\" aria-hidden=\"true\"><svg xmlns=\"http://www.w3.org/2000/svg\" width=\"24\" height=\"24\" viewBox=\"0 0 24 24\"><path d=\"M12 2C6.48 2 2 6.48 2 12s4.48 10 10 10 10-4.48 10-10S17.52 2 12 2zm1 15h-2v-2h2v2zm0-4h-2V7h2v6z\"></path></svg></icon>\n    </div>\n    <p class=\"alertBox-column alertBox-message\">\n        <span>{{{this}}}</span>\n    </p>\n</div>\n",
  "components/common/alert-success": "<div class=\"alertBox alertBox--success\">\n    <div class=\"alertBox-column alertBox-icon\">\n        <icon glyph=\"ic-success\" class=\"icon\" aria-hidden=\"true\"><svg xmlns=\"http://www.w3.org/2000/svg\" width=\"24\" height=\"24\" viewBox=\"0 0 24 24\"><path d=\"M12 2C6.48 2 2 6.48 2 12s4.48 10 10 10 10-4.48 10-10S17.52 2 12 2zm1 15h-2v-2h2v2zm0-4h-2V7h2v6z\"></path></svg></icon>\n    </div>\n    <p class=\"alertBox-column alertBox-message\">\n        <span>{{{this}}}</span>\n    </p>\n</div>\n",
  "layout/base": "<!DOCTYPE html>\n<html class=\"no-js\" lang=\"{{ locale_name }}\">\n    <head>\n      <link rel=\"stylesheet\" type=\"text/css\" href=\"slick/slick.css\"/>\n<link rel=\"stylesheet\" href=\"https://cdnjs.cloudflare.com/ajax/libs/slick-carousel/1.8.1/slick.css\" integrity=\"sha512-wR4oNhLBHf7smjy0K4oqzdWumd+r5/+6QO/vDda76MW5iug4PT7v86FoEkySIJft3XA0Ae6axhIvHrqwm793Nw==\" crossorigin=\"anonymous\" referrerpolicy=\"no-referrer\" />\n        <title>{{ head.title }}</title>\n        {{{ resourceHints }}}\n        {{{ head.meta_tags }}}\n        {{{ head.config }}}\n        {{#block \"head\"}} {{/block}}\n\n        <link href=\"{{ head.favicon }}\" rel=\"shortcut icon\">\n        <meta name=\"viewport\" content=\"width=device-width, initial-scale=1, maximum-scale=1\">\n<link href=\"https://fonts.googleapis.com/icon?family=Material+Icons\"\n      rel=\"stylesheet\">\n      <link rel=\"stylesheet\" href=\"https://cdnjs.cloudflare.com/ajax/libs/font-awesome/4.7.0/css/font-awesome.min.css\">\n        <script>\n            {{!-- Change document class from no-js to js so we can detect this in css --}}\n            document.documentElement.className = document.documentElement.className.replace('no-js', 'js');\n        </script>\n        {{!-- Load Lazysizes script ASAP so images will appear --}}\n        <script>\n            {{!-- Only load visible elements until the onload event fires, after which preload nearby elements. --}}\n            window.lazySizesConfig = window.lazySizesConfig || {};\n            window.lazySizesConfig.loadMode = 1;\n        </script>\n        <script async src=\"{{cdn 'assets/dist/theme-bundle.head_async.js'}}\"></script>\n\n        {{ getFontsCollection }}\n        {{{stylesheet '/assets/css/theme.css'}}}\n\n        {{{head.scripts}}}\n  \n        {{~inject 'themeSettings' theme_settings}}\n        {{~inject 'genericError' (lang 'common.generic_error')}}\n        {{~inject 'maintenanceMode' settings.maintenance}}\n        {{~inject 'urls' urls}}\n        {{~inject 'secureBaseUrl' settings.secure_base_url}}\n        {{~inject 'cartId' cart_id}}\n        {{~inject 'template' template}}\n    </head>\n    <body>\n        <svg data-src=\"{{cdn 'img/icon-sprite.svg'}}\" class=\"icons-svg-sprite\"></svg>\n    \n        {{> components/common/header }}\n        {{> components/common/body }}\n\n\n\n        {{> components/common/footer }}\n<button onclick=\"topFunction()\" id=\"myBtn\" title=\"Go to top\"><span class=\"material-icons\">\narrow_upward\n</span>\n\n</button>\n<script>// When the user scrolls down 20px from the top of the document, show the button\nwindow.onscroll = function() {\n  scrollFunction()\n};\n            \nvar navbar = document.getElementById(\"stick-navbar\");\nvar sticky = navbar.offsetTop;\n            \nfunction scrollFunction() {\n  if (document.body.scrollTop > 300 || document.documentElement.scrollTop > 300) {\n    document.getElementById(\"myBtn\").style.display = \"block\";\n    navbar.classList.add(\"sticky\")\n  } else {\n    document.getElementById(\"myBtn\").style.display = \"none\";\n    navbar.classList.remove(\"sticky\");\n  }\n}\n\n// When the user clicks on the button, scroll to the top of the document\nfunction topFunction() {\n  document.body.scrollTop = 0;\n  document.documentElement.scrollTop = 0;\n}</script>\n        <script>window.__webpack_public_path__ = \"{{cdn 'assets/dist/'}}\";</script>\n        <script src=\"{{cdn 'assets/dist/theme-bundle.main.js'}}\"></script>\n        <script>\n            {{!-- Exported in app.js --}}\n            window.stencilBootstrap(\"{{page_type}}\", {{jsContext}}).load();\n        </script>\n\n        {{{footer.scripts}}}\n    </body>\n</html>\n",
  "components/common/header": "<link rel=\"stylesheet\" href=\"https://cdnjs.cloudflare.com/ajax/libs/font-awesome/4.7.0/css/font-awesome.min.css\">\r\n<header class=\"header\" role=\"banner\">\r\n    <a href=\"#\" class=\"mobileMenu-toggle\" data-mobile-menu-toggle=\"menu\">\r\n        <span class=\"mobileMenu-toggleIcon\">Toggle menu</span>\r\n    </a>\r\n    {{> components/common/custom-navigation}}\r\n<div class=\"header-logo header-logo--{{theme_settings.logo-position}}\">\r\n    <div class=\"header-logo-section\">\r\n        <div>\r\n            {{> components/common/store-logo}}\r\n           \r\n        </div> \r\n        <div class=\"search-logo_header\">\r\n             {{> components/common/search-header}}\r\n        </div>\r\n        <div>\r\n            {{> components/common/navigation}}\r\n        </div>\r\n    </div>\r\n</div>\r\n    <div class=\"navPages-container\" id=\"menu\" data-menu>\r\n        {{> components/common/logo-navigation}}\r\n    </div>\r\n    \r\n   \r\n    \r\n<div id=\"stick-navbar\">\r\n\r\n    <div class=\"navPages-container\" id=\"menu\" data-menu>\r\n        {{> components/common/logo-navigation}}\r\n    </div>\r\n</div>\r\n    \r\n</header>\r\n<!--\r\n<div class=\"Covid-banner\">\r\n  <img src=\"https://cdn11.bigcommerce.com/s-bek4r4rsz5/product_images/uploaded_images/covid-png.png?t=1596000700&_ga=2.87819933.466510793.1595982495-2022119561.1571639426\">  <p>Due to COVID 19 product supply has dropped worldwide. If you are not seeing an item of interest please <a href=\"/locations\">contact your local King's</a> and we will be glad to help to the best of our abilities!</p>\r\n</div>\r\n-->\r\n\r\n<!--\r\n<div class=\"Promo-Banner\">\r\n<img src=\"https://cdn11.bigcommerce.com/s-bek4r4rsz5/product_images/uploaded_images/appliancenov.png?t=1605501098&_ga=2.176580389.1400343416.1605488395-2022119561.1571639426\">\r\n<div><h3>TV & APPLIANCES</h3>\r\n    <h1>BLACK FRIDAY ALL NOVEMBER!</h1>\r\n</div>\r\n<a class=\"shopNow_promoBanner\" href=\"/brands/\">Shop Now</a>\r\n</div>\r\n-->\r\n\r\n\r\n{{{region name=\"header_bottom\"}}}\r\n",
  "components/common/body": "<div class=\"body\" data-currency-code=\"{{currency_selector.active_currency_code}}\">\n    {{#block \"hero\"}} {{/block}}\n    <div class=\"container\">\n        {{#block \"page\"}} {{/block}}\n    </div>\n    {{> components/common/modal}}\n    {{> components/common/alert-modal}}\n</div>\n",
  "components/common/footer": "{{#if banners.bottom}}\r\n    {{#if settings.data_tag_enabled}}\r\n        <div class=\"banners\" data-banner-location=\"bottom\">\r\n            {{#each (limit banners.bottom_metadata 1)}}\r\n                <div class=\"banner\" data-event-type=\"promotion\" data-entity-id=\"{{this.id}}\" data-name=\"{{this.banner-name}}\" data-position=\"{{this.location}}\" data-name=\"{{this.banner-name}}\">\r\n                    <div data-event-type=\"promotion-click\">\r\n                        {{{this.content}}}\r\n                    </div>\r\n                </div>\r\n            {{/each}}\r\n        </div>\r\n    {{else}}\r\n        <div class=\"banners\" data-banner-location=\"bottom\">\r\n            <div class=\"banner\">\r\n                {{{limit banners.bottom 1}}}\r\n            </div>\r\n        </div>\r\n    {{/if}}\r\n\r\n{{/if}}\r\n\r\n<!-- for compare products  after checking the add to compare -->\r\n{{> components/products/sticky-product-compare}}\r\n<div class=\"newsletter-home-section\">\r\n \r\n{{> components/common/subscription-form}}\r\n\r\n</div>\r\n<footer class=\"footer\" role=\"contentinfo\">\r\n    <div class=\"container\">\r\n        {{#if theme_settings.social_icon_placement_bottom '!==' 'bottom_none'}}\r\n            <article class=\"footer-info-col\r\n                footer-info-col--social\r\n                footer-info-col--{{#if theme_settings.social_icon_placement_bottom '===' 'bottom_left'}}left{{else}}right{{/if}}\"\r\n                data-section-type=\"footer-webPages\">\r\n                    <h5 class=\"footer-info-heading\">{{lang 'social.connect'}}</h5>\r\n                    {{> components/common/social-links}}\r\n            </article>\r\n        {{/if}}\r\n        <section class=\"footer-info\">\r\n            <article class=\"footer-info-col footer-info-col--small\" data-section-type=\"footer-webPages\">\r\n                <h5 class=\"footer-info-heading\">Company Information</h5>\r\n                <ul class=\"footer-info-list company-info\">\r\n                  \r\n                  \r\n                    <li>\r\n                        <a href=\"/\">Home</a>\r\n                    </li>\r\n                    <li>\r\n                        <a href=\"/about-us/\">About Us</a>\r\n                    </li>\r\n                    <li>\r\n                        <a href=\"/delivery/\">Delivery</a>\r\n                    </li>\r\n                    <li>\r\n                        <a href=\"/deal-match/\">Deal Match</a>\r\n                    </li>\r\n                    <li>\r\n                        <a href=\"/faqs/\">FAQs</a>\r\n                    </li>\r\n                    <li>\r\n                        <a href=\"/terms/\">Terms of Use</a>\r\n                    </li>\r\n                    <li>\r\n                        <a href=\"/privacy/\">Privacy Policy</a>\r\n                    </li>\r\n                    <li>\r\n                        <a href=\"/product-demo/\">Demonstration</a>\r\n                    </li>\r\n                    \r\n                    \r\n                </ul>\r\n              <div class=\"logo-social\">\r\n                    <a href=\"https://www.facebook.com/greatbuysplus\" target=\"_blank\"><img src=\"{{getImage image 'thumb_size' (cdn 'assets/img/footer/fb.png')}}\"></a>\r\n                    <a href=\"https://www.youtube.com/user/KingsGreatBuysPlus\" target=\"_blank\"><img src=\"{{getImage image 'thumb_size' (cdn 'assets/img/footer/youtube.png')}}\"></a>\r\n                </div>\r\n            </article>\r\n\r\n            <article class=\"footer-info-col footer-info-col--small\" data-section-type=\"footer-categories\">\r\n                <h5 class=\"footer-info-heading\">Shop Categories</h5>\r\n                <ul class=\"footer-info-list category-name\">\r\n                    {{#each categories}}\r\n                        <li>\r\n                            <a href=\"{{url}}\">{{name}}</a>\r\n                        </li>\r\n                    {{/each}}\r\n                </ul>\r\n                  <div class=\"accredited-img\">\r\n                   <a href=\"https://www.bbb.org/us/in/evansville/profile/major-appliance-dealers/kings-great-buys-plusindiana-0482-90856#bbbseal\" target=\"_blank\"><img src=\"{{getImage image 'thumb_size' (cdn 'assets/img/footer/accredited.png')}}\"></a>\r\n                </div>\r\n            </article>\r\n\r\n\r\n            <article class=\"footer-info-col footer-info-col--small\" data-section-type=\"footer-brands\">\r\n                <h5 class=\"footer-info-heading\">Current Promotions</h5>\r\n                <ul class=\"footer-info-list\">\r\n                 \r\n                        <li>\r\n                            <a href=\"/current-ads/\">Current Ads</a>\r\n                        </li>\r\n                      <li>\r\n                            <a href=\"/rebates/\">Current Rebates</a>\r\n                        </li>\r\n                      <li>\r\n                            <a href=\"{{url}}\">Extreme Values</a>\r\n                        </li>\r\n                      <li>\r\n                            <a href=\"/financing/\">Financing</a>\r\n                        </li>\r\n                        <li>\r\n                            <a href=\"/disclaimer/\">Disclaimer</a>\r\n                        </li>\r\n\r\n                </ul>\r\n            </article>\r\n\r\n\r\n            <article class=\"footer-info-col footer-info-col--small\" data-section-type=\"storeInfo\">\r\n                <h1 class=\"footer-shop-heading\">Shop Smart.</h1>\r\n                <h1 class=\"footer-shop-heading last\">Shop Local.</h1>       \r\n                <a href=\"/rebates/\" class=\"footer-button\">SHOP NOW</a>\r\n            </article>\r\n     \r\n\r\n            \r\n        </section>\r\n\r\n       \r\n\r\n     \r\n   \r\n    </div>\r\n    \r\n      <div class=\"footer-copyright\">\r\n                <p class=\"powered-by\">&copy; {{moment format=\"YYYY\"}} {{settings.store_name}} </p>\r\n            </div>\r\n</footer>\r\n",
  "components/common/custom-navigation": "<div id=\"covid101\" class=\"modalcovid101\">\r\n<!--  <span onclick=\"document.getElementById('covid101').style.display='none'\" class=\"closemodalcovid101\" title=\"Close Modal\">×</span>-->\r\n  <form class=\"modalcovid101-content\">\r\n    <div style=\"text-align:center;padding-bottom: 2%;\">\r\n      <h1 style=\"\r\n        font-weight: 700;\r\n    background-color: #d22229;\r\n    font-size: 30px;\r\n    margin: 0;\r\n    color: #fff;\r\n    padding-top: 1%;\r\n    padding-bottom: 1%;\r\n\">KINGS COVID 19 ON STOCKS NOTICE</h1>\r\n      <p style=\"\r\n    font-size: 18px;\r\n    color: #444444;\r\n    padding: 2% 3% 0 3%;\r\n\">Because of the impact of Covid-19 on the global supply chain, some items may not appear in the store or listed as out of stock. If you are not seeing an item of interest, please contact or visit a local King’s store near you and we’ll be happy to help as much as we can!</p>\r\n        <a class=\"modalcovid-button\" href=\"/locations/\">FIND A STORE</a>\r\n    \r\n\r\n    </div>\r\n  </form>\r\n</div>\r\n\r\n<script>\r\n// Get the modal\r\nvar modal = document.getElementById('covid101');\r\n\r\n// When the user clicks anywhere outside of the modal, close it\r\nwindow.onclick = function(event) {\r\n  if (event.target == modal) {\r\n    modal.style.display = \"none\";\r\n  }\r\n}\r\n</script>\r\n<nav class=\"navUser\">\r\n    {{> components/common/currency-selector}}\r\n<div class=\"header-text\">\r\n    <span>Missing some items? <button class=\"covid101button\" onclick=\"document.getElementById('covid101').style.display='block'\">Learn more about the effects of COVID-19 on our supplies here.</button></span>\r\n</div>\r\n    \r\n   \r\n\r\n\r\n    \r\n    <ul class=\"custom-nav-banner navUser-section navUser-section--alt\">\r\n        \r\n            <li class=\"navUser-item\">\r\n            <a class=\"navUser-action navUser-item--compare\" href=\"{{urls.compare}}\" data-compare-nav>{{lang 'common.compare'}} <span class=\"countPill countPill--positive countPill--alt\"></span></a>\r\n            </li>\r\n            <li class=\"navUser-item\">\r\n                <a class=\"navUser-action\" href=\"/location/\">Locations</a>\r\n            </li>\r\n            <li class=\"navUser-item\">\r\n                <a class=\"navUser-action\" href=\"/disclaimer/\">Disclaimer</a>\r\n            </li>\r\n            <li class=\"navUser-item\">\r\n                <a class=\"navUser-action\" href=\"/rebates/\">Rebates</a>\r\n            </li>\r\n            <li class=\"navUser-item\">\r\n                <a class=\"navUser-action\" href=\"/current-ads/\">Current Ads</a>\r\n            </li>\r\n            <li class=\"navUser-item\">\r\n                <a class=\"navUser-action\" href=\"/blog/\">&nbsp; Blog &nbsp;</a>\r\n            </li>\r\n            <li class=\"navUser-item\">\r\n                <a class=\"navUser-action\" href=\"/contact-us/\">Contact Us</a>\r\n            </li>\r\n\r\n    </ul>\r\n    <div class=\"dropdown dropdown--quickSearch\" id=\"quickSearch\" aria-hidden=\"true\" tabindex=\"-1\" data-prevent-quick-search-close>\r\n        {{> components/common/quick-search}}\r\n    </div>\r\n</nav>\r\n",
  "components/common/store-logo": "<a href=\"{{urls.home}}\">\n    {{#if settings.store_logo.image}}\n        {{#if theme_settings.logo_size '===' 'original'}}\n            <img class=\"header-logo-image-unknown-size\" src=\"{{getImage settings.store_logo.image 'logo_size'}}\" alt=\"{{settings.store_logo.title}}\" title=\"{{settings.store_logo.title}}\">\n        {{else}}\n            <div class=\"header-logo-image-container\">\n                <img class=\"header-logo-image\" src=\"{{getImage settings.store_logo.image 'logo_size'}}\" alt=\"{{settings.store_logo.title}}\" title=\"{{settings.store_logo.title}}\">\n            </div>\n        {{/if}}\n    {{else}}\n        <span class=\"header-logo-text\">{{settings.store_logo.title}}</span>\n    {{/if}}\n</a>\n",
  "components/common/search-header": "<form class=\"form\"  action=\"{{urls.search}}\">\r\n    <fieldset class=\"form-fieldset\">\r\n        <div class=\"form-field\">\r\n            <label class=\"form-label is-srOnly\" for=\"search_query_adv\">{{lang 'search.results.form_label'}}</label>\r\n            <div class=\"form-prefixPostfix wrap\" style=\"background-color:white;\">\r\n                <input class=\"form-input\" placeholder=\"What can we help you find?\" id=\"search_query_adv\" name=\"search_query_adv\" value=\"{{forms.search.query}}\">\r\n                <input class=\"button button--primary form-prefixPostfix-button--postfix\" type=\"submit\" value=\"\">\r\n            </div>\r\n        </div>\r\n    </fieldset>\r\n</form>\r\n",
  "components/common/navigation": "\r\n<nav class=\"navUser\">\r\n    {{> components/common/currency-selector}}\r\n    <ul class=\"navUser-section navUser-section--alt\">\r\n            <li class=\"navUser-item\">\r\n                <!-- <img src=\"{{getImage image 'thumb_size' (cdn 'assets/img/header/location.png')}}\"> -->\r\n                <a href=\"/location/\"><i class=\"fa fa-map-marker navigation_icons\" aria-hidden=\"true\"></i></a>  \r\n                <a class=\"navUser-action\" href=\"/location/\">Find a Store</a>\r\n            </li>\r\n\r\n        <li class=\"navUser-item navUser-item--account\">\r\n            <!-- <img src=\"{{getImage image 'thumb_size' (cdn 'assets/img/header/account.png')}}\"> -->\r\n                <a href=\"{{urls.account.index}}\"><i class=\"fa fa-user-circle-o navigation_icons\" aria-hidden=\"true\"></i></a>\r\n                <a class=\"navUser-action\" href=\"{{urls.account.index}}\">{{lang 'common.account'}}</a>\r\n        </li>\r\n        \r\n        <li class=\"navUser-item navUser-item--cart\">\r\n             <!-- <img src=\"{{getImage image 'thumb_size' (cdn 'assets/img/header/cart.png')}}\"> -->\r\n             <a href=\"{{urls.cart}}\"><i class=\"fa fa-shopping-cart navigation_icons\" aria-hidden=\"true\"></i></a>\r\n            <a\r\n                class=\"navUser-action\"\r\n                data-cart-preview\r\n                data-dropdown=\"cart-preview-dropdown\"\r\n                data-options=\"align:right\"\r\n                href=\"{{urls.cart}}\">\r\n                <span class=\"navUser-item-cartLabel\">{{lang 'common.cart'}}</span> <span class=\"countPill cart-quantity\"></span>\r\n            </a>\r\n            <div class=\"dropdown-menu\" id=\"cart-preview-dropdown\" data-dropdown-content aria-hidden=\"true\"></div>\r\n        </li>\r\n    </ul>\r\n    <div class=\"dropdown dropdown--quickSearch\" id=\"quickSearch\" aria-hidden=\"true\" tabindex=\"-1\" data-prevent-quick-search-close>\r\n        {{> components/common/quick-search}}\r\n    </div>\r\n</nav>\r\n",
  "components/common/logo-navigation": "\r\n\r\n<nav class=\"navPages\">\r\n    <div class=\"navPages-quickSearch\">\r\n        {{> components/common/quick-search}}\r\n    </div>\r\n    \r\n\r\n    <ul id=\"myUL\" class=\"navPages-list{{#if theme_settings.navigation_design '!==' 'simple'}} navPages-list-depth-max{{/if}}\">\r\n        {{#each categories}}\r\n                \r\n          \r\n        \r\n                \r\n            {{#if ../theme_settings.navigation_design '===' 'simple'}}\r\n             {{#all (if name '!==' 'Rebates') (if name '!==' 'Appliances') }}\r\n                <li class=\"navPages-item\">\r\n                {{> components/common/navigation-list-new}}\r\n                 </li>\r\n                  {{/all}}\r\n            {{/if}}\r\n        \r\n            {{#if ../theme_settings.navigation_design '===' 'alternate'}}\r\n             {{#all (if name '!==' 'Rebates') (if name '!==' 'Appliances') }}\r\n            <li class=\"navPages-item\">\r\n                {{> components/common/navigation-list-alternate}}\r\n                   </li>\r\n                  {{/all}}\r\n            {{/if}}\r\n        \r\n  \r\n        \r\n        {{/each}}\r\n            <li class=\"navPages-item\">\r\n                <a class=\"navPages-action has-subMenu{{#if is_active}} activePage{{/if}}\" href=\"/brands/\" style=\"white-space:nowrap;\">\r\n                    <!-- <img class=\"nav-image\" src=\"{{getImage (cdn 'img/homepage/Brands.png')}}\"  /> -->\r\n                   <span style=\"white-space:nowrap\">Brands</span>\r\n                \r\n                </a>\r\n            </li>\r\n        <li class=\"navPages-item\">\r\n                <a href=\"/deal-match/\" class=\"navPages-action has-subMenu{{#if is_active}} activePage{{/if}}\" style=\"white-space:nowrap;\">\r\n                    <!-- <img class=\"nav-image\" src=\"{{getImage (cdn 'img/homepage/deal-match.png')}}\"  /> -->\r\n                    <span style=\"white-space: nowrap;\">Deal Match</span>\r\n                   \r\n                </a>\r\n        </li>\r\n        \r\n    \r\n        \r\n        \r\n    </ul>\r\n\r\n</nav>\r\n<script type=\"text/javascript\" src=\"https://code.jquery.com/git/jquery-1.x-git.min.js\"></script>\r\n<script src=\"https://cdnjs.cloudflare.com/ajax/libs/jquery-migrate/1.2.1/jquery-migrate.min.js\" integrity=\"sha512-fDGBclS3HUysEBIKooKWFDEWWORoA20n60OwY7OSYgxGEew9s7NgDaPkj7gqQcVXnASPvZAiFW8DiytstdlGtQ==\" crossorigin=\"anonymous\" referrerpolicy=\"no-referrer\"></script>\r\n<script src=\"https://cdnjs.cloudflare.com/ajax/libs/slick-carousel/1.8.1/slick.min.js\" integrity=\"sha512-XtmMtDEcNz2j7ekrtHvOVR4iwwaD6o/FUJe6+Zq+HgcCsk3kj4uSQQR8weQ2QVj1o0Pk6PwYLohm206ZzNfubg==\" crossorigin=\"anonymous\" referrerpolicy=\"no-referrer\"></script>\r\n<script>\r\n\r\n    var slick_option = {\r\n        \"dots\": false,\r\n        \"mobileFirst\": true,\r\n        \"slidesToShow\": 5,\r\n        \"slidesToScroll\": 5,\r\n        \"autoplay\": false,\r\n\t\t\"infinite\": false\r\n    };\r\n\t\t\t\r\n\t\t\tjQuery('.gg').each(function(){\r\n\t\t\t\tjQuery(this).not('.slick-initialized').slick(slick_option);\r\n\t\t\t});\r\n\t\t\t\r\n\t\t\t\r\n\r\n\r\njQuery('.navPages-action.has-subMenu').on('hover click mousemove' , function(){\r\n\tvar _slickContainer = jQuery(this).parent().find('.gg');\r\n\t\r\n      _slickContainer[0].slick.refresh();\t \r\n    \r\n\r\n});\r\n\r\n\r\n\r\n$(window).on('resize orientationchange', function() {\r\n  $('.gg').slick('resize');\r\n});\r\n\r\n\r\n//delete element if  innerhtml of navpage is empty\r\n    var elem = document.getElementsByClassName('navPages-item');\r\n    for(let i = 0; i<=elem.length;i++){\r\n        var htmlstring = elem[i].innerHTML;\r\n        htmlstring = (htmlstring.trim) ? htmlstring.trim() : htmlstring.replace(/^\\s+/,'');\r\n        if(htmlstring == ''){\r\n            elem[i].remove();\r\n        }\r\n    }\r\n</script>",
  "components/common/modal": "<div id=\"modal\" class=\"modal\" data-reveal data-prevent-quick-search-close>\n    <a href=\"#\" class=\"modal-close\" aria-label=\"{{lang 'common.close'}}\" role=\"button\">\n        <span aria-hidden=\"true\">&#215;</span>\n    </a>\n    <div class=\"modal-content\"></div>\n    <div class=\"loadingOverlay\"></div>\n</div>\n",
  "components/common/alert-modal": "<div id=\"alert-modal\" class=\"modal modal--alert modal--small\" data-reveal data-prevent-quick-search-close>\n    <div class=\"swal2-icon swal2-error swal2-icon-show\"><span class=\"swal2-x-mark\"><span class=\"swal2-x-mark-line-left\"></span><span class=\"swal2-x-mark-line-right\"></span></span></div>\n\n    <div class=\"modal-content\"></div>\n\n    <div class=\"button-container\"><button type=\"button\" class=\"confirm button\" data-reveal-close>OK</button></div>\n</div>\n",
  "components/products/sticky-product-compare": "<div class=\"maincontainer-compare\">\r\n         <div class=\"child-container-compare\" style=\"display:none\">\r\n                  <div class=\"action\" style=\"flex-direction:column;text-align:center;border:none !important;display:none;\">\r\n                           <h4 style=\"margin-top:0;font-size:18px !important;\" id=\"h4-compare\"></h4>\r\n                           <div style=\"display:block;width:100%;\">\r\n                                    <button style=\"color:white;background-color:#d22229; padding: 18px;font-size: 17px;border-radius: 11px;\" id=\"btn-compare-now\" onclick=\"submit_url()\">COMPARE</button>\r\n                           </div>\r\n                           <div style=\"display:block;text-align:center;margin-top:20px;\">\r\n                                    <button style=\"text-decoration: underline;cursor: pointer;\" onclick=\"reset()\">\r\n                                             Clear All\r\n                                    </button>\r\n                           </div>\r\n                  </div>   \r\n         </div>     \r\n</div>\r\n<script>\r\n         //compare products\r\n         var check_count = 0;\r\n         var arr_product = new Array();\r\n                  $(document).ready(function(){\r\n                           //unchecked all checkbox after page load XD\r\n                           $('.cmp').prop('checked',false);\r\n                  });\r\n                  $('.cmp').on('change',function(){\r\n                  $('.child-container-compare').css('display','flex');\r\n                  let product_image =  $(this).parents('li.product').children().eq(0).find('img.listItem-image').attr('src');\r\n                  let product_logo_title = $(this).parents('li.product').children().eq(1).find('.cardlogoimage').attr('src');\r\n                  let product_description = $(this).parents('li.product').children().eq(1).find('.listItem-title').children().html();\r\n                  let product_price = $(this).parents('li.product').children().eq(2).find('span.ptax').html();\r\n                  let id = $(this).attr('data-compare-id');\r\n                  var html ='';\r\n                  var check_count = $('input[type=\"checkbox\"]:checked').length;\r\n                  // var actions = '<div class=\"action\" style=\"display:flex;flex-direction:column;text-align:center;border:none !important;display:none;\"><h4 style=\"margin-top:0;font-size:18px !important;\">Comparing ('+len+') Products</h4></div>';       \r\n                  // var action = '<h4 style=\"margin-top:0;font-size:18px !important;\">Comparing ('+len+') Products</h4>';\r\n                  var elem = $('.child-container-compare');\r\n                  html = '<div id=\"compare-sticky-'+id+'\" class=\"compare-sticky\" style=\"height:190px;width:240px;border:1px solid #e2e2e2;position:relative;display:flex;justify-content:center;align-items:center;padding:5px;\" class=\"children-container-compare\"><button class=\"close-button\" onclick=\"delete_parent(this)\" style=\"top:1px;right:4px;position:absolute\" delete-id=\"'+id+'\"><span class=\"fa fa-close btn btn-dark btn-close\" data-id=\"'+id+\r\n                                             '\"></span></button><div style=\"position:relative;display:block;\"><img style=\"height:100px;\" src=\"'+ product_image +'\"></div>'+\r\n                                             '<div style=\"width:150px;display:block;padding-left:15px;\"><img style=\"width:100px;\" src=\"'+product_logo_title+'\"><span style=\"-webkit-box-orient: vertical;display:-webkit-box !important;-webkit-line-clamp: 3 !important;overflow: hidden !important;\">'+\r\n                                             product_description + '</span><span style=\"position:relative;font-size:19px;top:10px\">'+ product_price + '</span></div></div>';                       \r\n                  //get element if 2 checkbox was checked   \r\n                  if(this.checked){\r\n                           arr_product.push(\"/\"+id);\r\n                           elem.prepend(html);\r\n                           if(check_count > 1){\r\n                                   $('#h4-compare').html('Comparing ('+check_count+') Products');\r\n                                   $('.action').css('display','block');\r\n                           }  \r\n                  }else{\r\n                        $('#compare-sticky-'+id).remove();\r\n                        var index_remove = arr_product.indexOf(id);\r\n                        arr_product.splice(index_remove,1);\r\n                       \r\n                        if(check_count < 2){\r\n                                    $('.action').css('display','none');\r\n                        }else{\r\n                                    $('#h4-compare').html('Comparing ('+check_count+') Products');\r\n                        }\r\n                        if(check_count == 0){\r\n                              $('.child-container-compare').css('display','none');\r\n                        }\r\n                  } \r\n         });\r\n         function delete_parent(elem){\r\n                  \r\n                  let id =    elem.getAttribute('delete-id');\r\n                  $('#compare-sticky-'+id).remove();\r\n                  var index_remove = arr_product.indexOf(id);\r\n                  arr_product.splice(index_remove,1);\r\n                  //unchecked the checkedbox\r\n                \r\n                  $('#compare-'+id).prop('checked',false);\r\n                  var check_count = $('input[type=\"checkbox\"]:checked').length;\r\n                   if(check_count < 2){\r\n                            $('.action').css('display','none');\r\n                   }else{\r\n                            $('#h4-compare').html('Comparing ('+check_count+') Products');\r\n                   }\r\n                   if(check_count == 0){\r\n                         $('.child-container-compare').css('display','none');\r\n                   }\r\n                  //uncheck the checkbox\r\n         }\r\n         function submit_url(){\r\n                  var data = arr_product.toString();\r\n                  var regex = data.replace(/,/g,\"\");\r\n                  window.location.href = \"/compare\"+regex;\r\n         }\r\n         function reset(){\r\n               $(\".cmp\").prop('checked',false);\r\n               $('.action').css('display','none');\r\n               $('.compare-sticky').remove();\r\n               check_count = $('input[type=\"checkbox\"]:checked').length;\r\n               $('.child-container-compare').css('display','none');\r\n         }\r\n</script>",
  "components/common/subscription-form": "<h5>{{lang 'newsletter.subscribe'}}</h5>\n\n\n<form class=\"form\" action=\"{{urls.subscribe.action}}\" method=\"post\">\n    <fieldset class=\"form-fieldset\">\n        <input type=\"hidden\" name=\"action\" value=\"subscribe\">\n        <input type=\"hidden\" name=\"nl_first_name\" value=\"bc\">\n        <input type=\"hidden\" name=\"check\" value=\"1\">\n        <div class=\"form-field\">\n            <label class=\"form-label is-srOnly\" for=\"nl_email\">{{lang 'common.email_address'}}</label>\n            <div class=\"form-prefixPostfix wrap\">\n                <input class=\"form-input\" id=\"nl_email\" name=\"nl_email\" type=\"email\" value=\"{{customer.email}}\" placeholder=\"Your Email\">\n                <input class=\"button button--primary form-prefixPostfix-button--postfix\" type=\"submit\" value=\"{{lang 'newsletter.subscribe_submit'}}\">\n            </div>\n            {{#if settings.show_newsletter_summary }}\n                <div class=\"footer-newsletter-summary\">{{settings.newsletter_summary}}</div>\n            {{/if}}\n        </div>\n    </fieldset>\n</form>\n",
  "components/common/social-links": "{{#if social_media}}\n    <ul class=\"socialLinks socialLinks--alt\">\n        {{#each social_media}}\n            <li class=\"socialLinks-item\">\n                <a class=\"icon icon--{{display_name}}\" href=\"{{url}}\" target=\"_blank\">\n                    <svg><use xlink:href=\"#icon-{{display_name}}\" /></svg>\n                </a>\n            </li>\n        {{/each}}\n    </ul>\n{{/if}}\n",
  "components/common/currency-selector": "{{#if currency_selector.currencies.length '>' 1}}\n<ul class=\"navUser-section\">\n    <li class=\"navUser-item\">\n        <a class=\"navUser-action navUser-action--currencySelector has-dropdown\" href=\"#\" data-dropdown=\"currencySelection\" aria-controls=\"currencySelection\" aria-expanded=\"false\">{{lang 'common.currency' code=currency_selector.active_currency_code}} <i class=\"icon\" aria-hidden=\"true\"><svg><use xlink:href=\"#icon-chevron-down\" /></svg></i></a>\n        <ul class=\"dropdown-menu\" id=\"currencySelection\" data-dropdown-content aria-hidden=\"true\" tabindex=\"-1\">\n            {{#each currency_selector.currencies}}\n            <li class=\"dropdown-menu-item\">\n                <a href=\"{{{switch_url}}}\">\n                    {{#if is_active}}\n                    <strong>{{name}}</strong>\n                    {{else}}\n                    {{name}}\n                    {{/if}}\n                </a>\n            </li>\n            {{/each}}\n        </ul>\n    </li>\n</ul>\n{{/if}}\n",
  "components/common/quick-search": "<div class=\"container\">\n    <form class=\"form\" action=\"{{urls.search}}\">\n        <fieldset class=\"form-fieldset\">\n            <div class=\"form-field\">\n                <label class=\"is-srOnly\" for=\"search_query\">{{lang \"search.quick_search.input_label\"}}</label>\n                <input class=\"form-input\" data-search-quick name=\"search_query\" id=\"search_query\" data-error-message=\"{{lang 'search.error.empty_field'}}\" placeholder=\"{{lang 'search.quick_search.input_placeholder'}}\" autocomplete=\"off\">\n            </div>\n        </fieldset>\n    </form>\n    <section class=\"quickSearchResults\" data-bind=\"html: results\"></section>\n</div>\n",
  "components/common/navigation-list-new": "{{#if children}}\r\n        <a class=\"navPages-action has-subMenu{{#if is_active}} activePage{{/if}}\" href=\"{{url}}\" style=\"white-space:nowrap;\">\r\n            <!-- <img class=\"nav-image\" src=\"{{cdn (concat 'img/homepage/' (concat name '.png'))}}\"  /> -->\r\n            <span style=\"white-space: nowrap;\">{{name}}</span>\r\n            <i class=\"fa fa-chevron-down\" aria-hidden=\"true\"></i>\r\n        </a>\r\n\r\n    <div class=\"navPage-subMenu\" id=\"navPages-{{id}}\" aria-hidden=\"true\" tabindex=\"-1\">\r\n        <div class=\"navChild_name\">\r\n            <h2>{{name}}</h2>\r\n                <a class=\"navPage-subMenu-action navPages-action\" href=\"{{url}}\" style=\"margin-left:5% !important;\">SHOP ALL \r\n                    <img src=\"https://cdn11.bigcommerce.com/s-bek4r4rsz5/product_images/uploaded_images/chevron-right-solid-red-.png\">\r\n                </a>\r\n        </div> \r\n        <ul class=\"gg\">\r\n            {{#each children}}\r\n                <li>\r\n                        <a class=\"navPage-subMenu-action navPages-action{{#if is_active}} activePage{{/if}}\" href=\"{{url}}\">\r\n                            <img class=\"\" src=\"{{cdn (concat 'img/nav/' (concat  (lowercase (dashcase name)) '.png'))}}\"  />\r\n                            <span style=\"margin-left:10%;\">{{name}}</span>\r\n                        </a>\r\n                </li>\r\n            {{/each}}\r\n        </ul> \r\n    </div>\r\n{{else}}\r\n    {{#if name '==' 'Delivery Express'}}\r\n        <a href=\"/delivery-express/\" class=\"navPages-action has-subMenu{{#if is_active}} activePage{{/if}}\" style=\"white-space:nowrap;margin-right:2%;margin-left:1%;\">\r\n            <!-- <img class=\"nav-image\" src=\"{{cdn 'assets/img/homepage/delivery-express.png'}}\"  />  -->\r\n            <span style=\"white-space: nowrap;\">{{name}}</span>\r\n        </a>\r\n    {{/if}}\r\n{{/if}}\r\n\r\n\r\n",
  "components/common/navigation-list-alternate": "{{#if children}}\n    <a class=\"navPages-action navPages-action-depth-max has-subMenu is-root{{#if is_active}} activePage{{/if}}\" href=\"{{url}}\" data-collapsible=\"navPages-{{id}}\">\n        {{name}} <i class=\"icon navPages-action-moreIcon\" aria-hidden=\"true\"><svg><use xlink:href=\"#icon-chevron-down\" /></svg></i>\n    </a>\n    {{> components/common/navigation-dropdown}}\n{{else}}\n    <a class=\"navPages-action{{#if is_active}} activePage{{/if}}\" href=\"{{url}}\">{{name}}</a>\n{{/if}}\n",
  "components/common/navigation-dropdown": "<div class=\"navPage-subMenu navPage-subMenu-horizontal\" id=\"navPages-{{id}}\" aria-hidden=\"true\" tabindex=\"-1\">\n    <ul class=\"navPage-subMenu-list\">\n        <li class=\"navPage-subMenu-item-parent\">\n            <a class=\"navPage-subMenu-action navPages-action navPages-action-depth-max\" href=\"{{url}}\">{{lang 'category.view_all.name' category=name}}</a>\n        </li>\n        {{#each children}}\n            <li class=\"navPage-subMenu-item-child\">\n                {{#if children}}\n                    <a class=\"navPage-subMenu-action navPages-action navPages-action-depth-max has-subMenu{{#if is_active}} activePage{{/if}}\" href=\"{{url}}\" data-collapsible=\"navPages-{{id}}\">\n                        {{name}} <i class=\"icon navPages-action-moreIcon\" aria-hidden=\"true\"></i>\n                    </a>\n                    {{> components/common/navigation-dropdown}}\n                {{else}}\n                    <a class=\"navPage-subMenu-action navPages-action{{#if is_active}} activePage{{/if}}\" href=\"{{url}}\">{{name}}</a>\n                {{/if}}\n            </li>\n        {{/each}}\n    </ul>\n</div>\n"
}