{
  "components/products/product-view": "<script> \r\n\t$(document).ready(function(){\r\n\t  $(\".finance-btn\").click(function(){\r\n\t    $(\"#financing-overlay\").show(500);\r\n\t  });\r\n\t  $(\"#financing-overlay\").click(function(){\r\n\t    $(\"#financing-overlay\").hide(500);\r\n\t  });\r\n\t  $(\".shipping-btn\").click(function(){\r\n\t    $(\"#shipping-overlay\").show(500);\r\n\t  });\r\n\t  $(\"#shipping-overlay\").click(function(){\r\n\t    $(\"#shipping-overlay\").hide(500);\r\n\t  });\r\n\t//     $(\".ask-for-price-overlay\").click(function(){\r\n\t//     $(\"#ask-for-price-overlay\").show(500);\r\n\t//   });\r\n\t  $(\".ask-for-price-exit\").click(function(){\r\n\t    $(\"#ask-for-price-overlay\").hide(500);\r\n\t  });\r\n\t});\r\n</script> \r\n<style>\r\n\t.productview-images-custom .productView-image{\r\n\t\tborder:none;\r\n\t}\r\n</style>\r\n<div class=\"productView\" {{#if settings.data_tag_enabled}} data-event-type=\"product\" data-entity-id=\"{{product.id}}\" data-name=\"{{product.title}}\" data-product-category=\"{{#each product.category}}{{#if @last}}{{this}}{{else}}{{this}}, {{/if}}{{/each}}\" data-product-brand=\"{{product.brand.name}}\" data-product-price=\"{{#if product.price.with_tax}}{{product.price.with_tax.value}}{{else}}{{product.price.without_tax.value}}{{/if}}\" data-product-variant=\"single-product-option\"{{/if}}>\r\n\t\r\n\t<div class=\"rev\">\r\n\t\t<section class=\"col-prod productview-images-custom\" data-image-gallery>\r\n\t\t\t\t{{!--\r\n\t\t\t\tNote that these image sizes are coupled to image sizes used in /assets/js/theme/common/product-details.js\r\n\t\t\t\tfor variant/rule image replacement\r\n\t\t\t\t--}}\r\n\t\t\t<div class=\"imgcontainer-productpage\" style=\"text-align:center;width: calc(100vw - 225%);border: 1px solid #cccccc;\">\r\n\t\t\t\t<div style=\"text-align:center;margin-top:2%;\">\r\n\t\t\t\t\t{{#if product.brand}}\r\n\t\t\t\t\t<img class=\"cardlogoimage {{sku}} \" src=\"/product_images/uploaded_images/{{toLowerCase (dashcase product.brand.name)}}.jpg\">\r\n\t\t\t\t\t{{/if}}\r\n\t\t\t\t</div>\r\n\t\t\t\t<div class=\"product-image\">\r\n\t\t\t\t\t<figure class=\"productView-image\"\r\n\t\t\t\t\tdata-image-gallery-main\r\n\t\t\t\t\t{{#if product.main_image}}\r\n\t\t\t\t\tdata-zoom-image=\"{{getImageSrcset product.main_image (cdn theme_settings.default_image_product) 1x=theme_settings.zoom_size }}\"\r\n\t\t\t\t\t{{/if}}\r\n\t\t\t\t\t>\r\n\t\t\t\t\t\t<div class=\"productView-img-container\">\r\n\t\t\t\t\t\t\t{{!-- Remove the surrounding a-element if there is no main image. --}}\r\n\t\t\t\t\t\t\t{{#if product.main_image}}\r\n\t\t\t\t\t\t\t<a href=\"{{getImageSrcset product.main_image (cdn theme_settings.default_image_product) 1x=theme_settings.zoom_size}}\"\r\n\t\t\t\t\t\t\ttarget=\"_blank\"{{#if schema}} itemprop=\"image\"{{/if}}>\r\n\t\t\t\t\t\t\t{{/if}}\r\n\t\t\t\t\t\t\t{{> components/common/responsive-img\r\n\t\t\t\t\t\t\timage=product.main_image\r\n\t\t\t\t\t\t\tclass=\"productView-image--default\"\r\n\t\t\t\t\t\t\tfallback_size=theme_settings.product_size\r\n\t\t\t\t\t\t\tlazyload=theme_settings.lazyload_mode\r\n\t\t\t\t\t\t\tdefault_image=theme_settings.default_image_product\r\n\t\t\t\t\t\t\totherAttributes=\"data-main-image\"\r\n\t\t\t\t\t\t\t}}\r\n\t\t\t\t\t\t\t{{!-- Remove the surrounding a-element if there is no main image. --}}\r\n\t\t\t\t\t\t\t{{#if product.main_image}}\r\n\t\t\t\t\t\t\t</a>\r\n\t\t\t\t\t\t\t{{/if}}\r\n\t\t\t\t\t\t</div>\r\n\t\t\t\t\t</figure>\r\n\t\t\t\t</div>\r\n\t\t\t</div>\r\n\t\t\t\t\r\n\t\t\t<!-- thumnail button scroll y -->\r\n\t\t\t<div>\r\n\t\t\r\n\t\t\t\t<ul class=\"productView-thumbnails\" >\r\n\t\t\t\t\t<div data-slick='{\r\n\t\t\t\t\t\t\"infinite\": false,\r\n\t\t\t\t\t\t\"mobileFirst\": true,\r\n\t\t\t\t\t\t\"dots\": false,\r\n\t\t\t\t\t\t\"accessibility\": false,\r\n\t\t\t\t\t\t\"slidesToShow\": 1,\r\n\t\t\t\t\t\t\"slidesToScroll\": 1,\r\n\t\t\t\t\t\t\"vertical\": false,\r\n\t\t\t\t\t\t\"responsive\": [\r\n\t\t\t\t\t\t\t{\r\n\t\t\t\t\t\t\t\"breakpoint\": 768,\r\n\t\t\t\t\t\t\t\"settings\": {\r\n\t\t\t\t\t\t\t\t\"slidesToShow\": 4,\r\n\t\t\t\t\t\t\t\t\"slidesToScroll\": 3,\r\n\t\t\t\t\t\t\t\t\"vertical\":true\r\n\t\t\t\t\t\t\t               }\r\n\t\t\t\t\t\t\t},\r\n\t\t\t\t\t\t\t{\r\n\t\t\t\t\t\t\t\"breakpoint\": 550,\r\n\t\t\t\t\t\t\t\"settings\": {\r\n\t\t\t\t\t\t\t\t\"slidesToShow\": 2,\r\n\t\t\t\t\t\t\t\t\"slidesToScroll\": 2\r\n\t\t\t\t\t\t\t\t\r\n\t\t\t\t\t\t\t}\r\n\t\t\t\t\t\t\t},\r\n\t\t\t\t\t\t\t{\r\n\t\t\t\t\t\t\t\"breakpoint\": 350,\r\n\t\t\t\t\t\t\t\"settings\": {\r\n\t\t\t\t\t\t\t\t\"slidesToShow\": 1,\r\n\t\t\t\t\t\t\t\t\"slidesToScroll\": 1\r\n\r\n\t\t\t\t\t\t\t}\r\n\t\t\t\t\t\t\t}\r\n\t\t\t\t\t\t]\t\t\t\t\t\t\t\r\n\t\t\t\t\t}'>\r\n\t\t\t\t\t\t{{#each product.images}}\r\n\t\t\t\t\t\t\t<li>\r\n\t\t\t\t\t\t\t\t<a\r\n\t\t\t\t\t\t\t\t\tclass=\"productView-thumbnail\"\r\n\t\t\t\t\t\t\t\t\thref=\"{{getImage product.main_image 'product_size' (cdn theme_settings.default_image_product)}}\"\r\n\t\t\t\t\t\t\t\t\tdata-image-gallery-item\r\n\t\t\t\t\t\t\t\t\tdata-image-gallery-new-image-url=\"{{getImage product.main_image 'product_size' (cdn theme_settings.default_image_product)}}\"\r\n\t\t\t\t\t\t\t\t\tdata-image-gallery-new-image-srcset=\"{{getImageSrcset this use_default_sizes=true}}\"\r\n\t\t\t\t\t\t\t\t\tdata-image-gallery-zoom-image-url=\"{{getImage product.main_image 'product_size' (cdn theme_settings.default_image_product)}}\"\r\n\t\t\t\t\t\t\t\t\t>\r\n\t\t\t\t\t\t\t\t\t{{> components/common/responsive-img\r\n\t\t\t\t\t\t\t\t\timage=this\r\n\t\t\t\t\t\t\t\t\tfallback_size=../theme_settings.productview_thumb_size\r\n\t\t\t\t\t\t\t\t\tlazyload=../theme_settings.lazyload_mode\r\n\t\t\t\t\t\t\t\t\t}}\r\n\t\t\t\t\t\t\t\t</a>\r\n\t\t\t\t\t\t\t</li>\r\n\t\t\t\t\t\t{{/each}}\r\n\t\t\t\t\t</div>\r\n\t\t\t\t</ul>\r\n\t\t\r\n\t\t\t</div>\r\n\t\t\t\r\n\t\t\t<script>\r\n\t\t\t\t(function($) {\r\n\t\t\t\t$(document).ready(function () {\r\n\t\t\t\t//SLIDE UP\r\n\t\t\t\tjQuery(\"#arrowup\").on(\"click\", function () {\r\n\t\t\t\tvar $ul = $('#inline_navigation');\r\n\t\t\t\tvar y = $ul.scrollTop();\r\n\t\t\t\tvar $firstChild = $ul.children().first();\r\n\t\t\t\tvar step = $firstChild.outerHeight() + parseInt($firstChild.css('marginBottom'),10);\r\n\t\t\t\t\r\n\t\t\t\tconsole.log('before up', y, step);\r\n\t\t\t\tif (y >= 0) {\r\n\t\t\t\ty -= step;\r\n\t\t\t\tconsole.log('after up', y);\r\n\t\t\t\t\r\n\t\t\t\t$ul.stop().animate({\r\n\t\t\t\t\tscrollTop: y\r\n\t\t\t\t}, 100);\r\n\t\t\t\t}\r\n\t\t\t\t});\r\n\t\t\t\t//SLIDE DOWN\r\n\t\t\t\t$(\"#arrowdown\").on(\"click\", function () {\r\n\t\t\t\tvar $ul = $('#inline_navigation');\r\n\t\t\t\tvar y = $ul.scrollTop();\r\n\t\t\t\tvar h = $ul.height();\r\n\t\t\t\tvar $firstChild = $ul.children().first();\r\n\t\t\t\tvar step = $firstChild.outerHeight() + parseInt($firstChild.css('marginBottom'),10);\r\n\t\t\t\t\r\n\t\t\t\tconsole.log('before down', y, step);\r\n\t\t\t\tif (h >= y) {\r\n\t\t\t\ty += step;\r\n\t\t\t\tconsole.log('after down', y);\r\n\t\t\t\t\r\n\t\t\t\t$ul.stop().animate({\r\n\t\t\t\t\tscrollTop: y\r\n\t\t\t\t}, 100);\r\n\t\t\t\t}\r\n\t\t\t\t});\r\n\t\t\t\t});\r\n\t\t\t\t}(jQuery));\r\n\t\t\t</script>\r\n\t\t</section>\r\n\t\t<section class=\"col-prod productview-description-custom\" style=\"width:50% !important;\">\r\n\t\t\t<div class=\"product-description-container\">\r\n\t\t\t\t<h1  style=\"padding-top:6%\"class=\"productView-title\" {{#if schema}}itemprop=\"name\"{{/if}}>{{product.title}}</h1>\r\n\t\t\t\t<p id=\"brandmodel\">\r\n\t\t\t\t\t<strong style=\"color:#757575;\">Brand: {{product.brand.name}}</strong><strong id=\"model-sku\" style=\"color:#757575;margin-left:auto;padding-left:1%\">Model No.: {{product.sku}}</strong></p>\r\n\t\t\t\t<div  class=\"stamp-container\">\r\n\t\t\t\t\t<i class=\"fa fa-star\"></i><i class=\"fa fa-star\"></i><i class=\"fa fa-star\"></i><i class=\"fa fa-star\"></i><i class=\"fa fa-star\"></i><span id=\"label_reviews\">(No reviews yet)</span>\r\n\t\t\t\t</div>\r\n\t\t\t\t\r\n\t\t\t\t{{product.detail_messages}}\r\n\t\t\t\t<div class=\"product-features\" style=\"border-bottom: 1px solid #cacaca;padding-bottom:10px;\">\r\n\t\t\t\t\t{{#eachIndex (split product.description '<!-- split -->')}}\r\n\t\t\t\t\t{{#if index '==' '3' }} \r\n\t\t\t\t\t<!-- {{{item}}}<span class=\"read-more-product-page\">more features</span>-->\r\n\t\t\t\t\t{{{item}}}\r\n\t\t\t\t\t{{/if}}\r\n\t\t\t\t\t{{/eachIndex}}\r\n\t\t\t\t</div>\r\n\t\t\t\t<div class=\"productview-quick-specs\">\r\n\t\t\t\t\t<h4 style=\"margin-top:5px;\">Quick specs:</h4>\r\n\t\t\t\t\t<ul>\r\n\t\t\t\t\t\t<li>Type: {{#each categories}}\r\n\t\t\t\t\t\t\t\t{{#if is_active}}\r\n\t\t\t\t\t\t\t\t{{assignVar \"base\" name}}\r\n\t\t\t\t\t\t\t\t\t{{#each children}}\r\n\t\t\t\t\t\t\t\t\t{{#if is_active}}\r\n\t\t\t\t\t\t\t\t\t {{getVar \"base\"}} - {{name}}\r\n\t\t\t\t\t\t\t\t\t{{/if}}\r\n\t\t\t\t\t\t\t\t\t{{/each}}\r\n\t\t\t\t\t\t\t\t{{/if}}\t\t\r\n\t\t\t\t\t\t\t{{/each}}\r\n\t\t\t\t\t\t</li>\r\n\t\t\t\t\t\t{{#each product.custom_fields}}\r\n\t\t\t\t\t\t\t{{#if name '===' \"Height\"}}\r\n\t\t\t\t\t\t\t\t<li>Height: {{value}} in</li>\r\n\t\t\t\t\t\t\t{{/if}}\r\n\t\t\t\t\t\t\t{{#if name '===' \"Width\"}}\r\n\t\t\t\t\t\t\t\t<li>Width: {{value}} in</li>\r\n\t\t\t\t\t\t\t{{/if}}\r\n\t\t\t\t\t\t\t{{#if name '===' \"Depth\"}}\r\n\t\t\t\t\t\t\t\t<li>Depth: {{value}} in</li>\r\n\t\t\t\t\t\t\t{{/if}}\r\n\t\t\t\t\t\t{{/each}}\r\n\t\t\t\t\t</ul>\r\n\t\t\t\t</div>\r\n\t\t\t</div>\r\n\t\t</section>\r\n\t</div>\r\n\t<section class=\"col-prod productview-details-custom\">\r\n\t\t<div class=\"productView-product\">\r\n\t\t\t\t<div style=\"display:block;background-color:rgb(228 228 228);padding-top:2%;padding-bottom:2%;\">\r\n\t\t\t\t\t<div class=\"product-badge\">\r\n\t\t\t\t\t\t<img src=\"{{cdn 'img/badges/deal-match.png'}}\" alt=\"\">\r\n\t\t\t\t\t\t{{#inArray product.category \"Delivery Express\"}}\r\n\t\t\t\t\t\t<img src=\"{{cdn 'img/badges/delivery-express.png'}}\" alt=\"\">\r\n\t\t\t\t\t\t{{/inArray}}\r\n\t\t\t\t\t\t<div class=\"apply-financing\">\r\n\t\t\t\t\t\t\t<div class=\"financing-div finance-btn\" style=\"cursor:pointer\">\r\n\t\t\t\t\t\t\t\t<img src=\"{{cdn 'img/badges/financing.png'}}\" alt=\"\">\r\n\t\t\t\t\t\t\t\t<span>Apply for<br>Financing</span>\r\n\t\t\t\t\t\t\t</div>\r\n\t\t\t\t\t\t</div>\r\n\t\t\t\t\t\t\r\n\t\t\t\t\t</div>\r\n\t\t\t\t\t<div style=\"display:block;position:relative;width:100%;text-align:center;\">\r\n\t\t\t\t\t\t<span style=\"font-style:italic;color:red;font-size:18px;\">Call us for estimated delivery date</span>\r\n\t\t\t\t\t</div>\r\n\t\t\t\t</div>\r\n\t\t\t<!--\r\n\t\t\t\t{{#if product.brand}}\r\n\t\t\t\t\r\n\t\t\t\t<img class=\"cardlogoimage\" src=\"{{cdn 'img/brands/Whirlpool.png'}}\" onload=\"this.onload=null; this.src=imgRender('{{product.brand.name}}');\" />\r\n\t\t\t\t{{/if}}\r\n\t\t\t\t<script>\r\n\t\t\t\tfunction imgRender(brand){\r\n\t\t\t\tvar img_src =  \"{{cdn 'img/Whirlpool.png'}}\";\r\n\t\t\t\treturn img_src.replace('Whirlpool', brand);\r\n\t\t\t\t}\r\n\t\t\t\t</script>\r\n\t\t\t\t-->\r\n\t\t\t{{#if product.price.without_tax.formatted '===' '$999,999.00'}}\r\n\t\t\t<script src =\"https://form.jotform.com/static/feedback2.js\" type=\"text/javascript\"></script><script type=\"text/javascript\">\r\n\t\t\t\tvar JFL_201911524199051 = new JotformFeedback({\r\n\t\t\t\tformId: '201911524199051',\r\n\t\t\t\tbase: 'https://form.jotform.com/',\r\n\t\t\t\twindowTitle: 'Request Quotation',\r\n\t\t\t\tbackground: '#d22229',\r\n\t\t\t\tfontColor: '#FFFFFF',\r\n\t\t\t\ttype: '0',\r\n\t\t\t\theight: 600,\r\n\t\t\t\twidth: 600,\r\n\t\t\t\topenOnLoad: false\r\n\t\t\t\t});\r\n\t\t\t</script>\r\n\t\t<a class=\"btn lightbox-201911524199051 ask-for-price-overlay\" style=\"margin-top: 16px\">\r\n\t\t\tASK FOR PRICE\r\n\t\t\t</a>\r\n\t\t\t<!--<a class=\"ask-for-price-overlay\">ASK FOR PRICE</a>-->\r\n\t\t\t\r\n\t{{else}}{{#gt product.stock_level 10000}}\r\n\t\t\t\r\n\t\t\t<div class=\"productview-price\">\r\n\t\t\t\t{{#if product.call_for_price}}\r\n\t\t\t\t<p class=\"productView-price\">\r\n\t\t\t\t\t<span>{{product.call_for_price}}</span>\r\n\t\t\t\t</p>\r\n\t\t\t\t{{/if}}\r\n\t\t\t\t<div class=\"productView-price\">\r\n\t\t\t\t\t{{#or customer (if theme_settings.restrict_to_login '!==' true)}}\r\n\t\t\t\t\t{{> components/products/price price=product.price schema_org=schema}}\r\n\t\t\t\t\t{{else}}\r\n\t\t\t\t\t{{> components/common/login-for-pricing}}\r\n\t\t\t\t\t{{/or}}\r\n\t\t\t\t</div>\r\n\t\t\t\t{{{region name=\"product_below_price\"}}}\r\n\t\t\t</div>\r\n\t\t\t\r\n\t\t\t{{#each product.custom_fields}}\r\n\t\t\t{{#if name '===' 'Rebate IDs'}}\r\n\t\t\t{{#if value '===' '0'}}\r\n\t\t\t{{else}}\r\n\t\t\t<div style=\"display:flex;justify-content: space-between;\">\r\n\t\t\t        <span style=\"color:red\">Rebate Available: </span>\r\n\t\t\t        <span  id=\"rebate_details\" style=\"color:rgb(97, 97, 97);text-decoration: underline;cursor: pointer;\">See details</span>\r\n\t\t\t</div>\r\n\t\t\t{{/if}}\r\n\t\t\t{{/if}}\r\n\t\t\t{{/each}}\r\n\t\t\t\r\n\t\t\t<div class=\"productView-options\">\r\n\t\t\t{{#if product.release_date }}\r\n\t\t\t<p>{{product.release_date}}</p>\r\n\t\t\t{{/if}}\r\n\t\t\t<form class=\"form\" method=\"post\" action=\"{{product.cart_url}}\" enctype=\"multipart/form-data\"\r\n\t\t\t\tdata-cart-item-add>\r\n\t\t\t\t<input type=\"hidden\" name=\"action\" value=\"add\">\r\n\t\t\t\t<input type=\"hidden\" name=\"product_id\" value=\"{{product.id}}\"/>\r\n\t\t\t\t<div class=\"productview-options-dynamic\" data-product-option-change style=\"display:none;\">\r\n\t\t\t\t\t{{#each product.options}}\r\n\t\t\t\t\t{{{dynamicComponent 'components/products/options'}}}\r\n\t\t\t\t\t{{/each}}\r\n\t\t\t\t</div>\r\n\t\t\t\t<div class=\"productpage-actions flex-div-productActions\">\r\n\t\t\t\t\t<div class=\"cart-button-productActions\">\r\n\t\t\t\t\t\t<!--<div class=\"form-field form-field--stock{{#unless product.stock_level}} u-hiddenVisually{{/unless}}\">-->\r\n\t\t\t\t\t\t<!--</div>-->\r\n\t\t\t\t\t\t{{#if product.can_purchase}}\r\n\t\t\t\t\t\t{{> components/products/add-to-cart}}\r\n\t\t\t\t\t\t{{/if}}\r\n\t\t\t\t\t\t{{#if product.out_of_stock}}\r\n\t\t\t\t\t\t{{#if product.out_of_stock_message}}\r\n\t\t\t\t\t\t{{> components/common/alert-error product.out_of_stock_message}}\r\n\t\t\t\t\t\t{{else}}\r\n\t\t\t\t\t\t{{> components/common/alert-error (lang 'products.sold_out')}}\r\n\t\t\t\t\t\t{{/if}}\r\n\t\t\t\t\t\t{{/if}}\r\n\t\t\t\t\t</div>\r\n\t\t\t\t</div>\r\n\t\t\t</form>\r\n\t\t\t{{> components/common/wishlist-dropdown}}\r\n\t\t</div>\r\n\t{{else}}        \r\n\t\t\t<div class=\"price-container\">\r\n\t\t\t\t<div class=\"xx\">\r\n\t\t\t\t{{#if product.call_for_price}}\r\n\t\t\t\t<p class=\"xx\">\r\n\t\t\t\t\t<span> {{product.call_for_price}}</span>\r\n\t\t\t\t</p>\r\n\t\t\t\t{{/if}}\r\n\t\t\t\t<div class=\"xx\">\r\n\t\t\t\t\t{{#or customer (if theme_settings.restrict_to_login '!==' true)}}\r\n\t\t\t\t\t{{> components/products/price price=product.price schema_org=schema is_category=false}}\r\n\t\t\t\t\t{{else}}\r\n\t\t\t\t\t{{> components/common/login-for-pricing}}\r\n\t\t\t\t\t{{/or}}\r\n\t\t\t\t</div>\r\n\t\t\t\t{{{region name=\"product_below_price\"}}}\r\n\t\t\t\t</div>\r\n\t\t\t</div>\r\n\t\t\t{{#each product.custom_fields}}\r\n\t\t\t{{#if name '===' 'Rebate IDs'}}\r\n\t\t\t{{#if value '===' '0'}}\r\n\t\t\t{{else}}\r\n\t\t\t<div style=\"display:flex;justify-content: space-between;\">\r\n\t\t\t        <span style=\"color:red\">Rebate Available: </span>\r\n\t\t\t        <span  id=\"rebate_details\" style=\"color:rgb(97, 97, 97);text-decoration: underline;cursor: pointer;\">See details</span>\r\n\t\t\t</div>\r\n\t\t\t{{/if}}\r\n\t\t\t{{/if}}\r\n\t\t\t{{/each}}\r\n\t\t\r\n\t\t\t\r\n\t\t</div>\r\n\t\t<div class=\"productView-options\">\r\n\t\t\t{{#if product.release_date }}\r\n\t\t\t<p>{{product.release_date}}</p>\r\n\t\t\t{{/if}}\r\n\t\t\t<form class=\"form\" method=\"post\" action=\"{{product.cart_url}}\" enctype=\"multipart/form-data\"\r\n\t\t\t\tdata-cart-item-add>\r\n\t\t\t\t<input type=\"hidden\" name=\"action\" value=\"add\">\r\n\t\t\t\t<input type=\"hidden\" name=\"product_id\" value=\"{{product.id}}\"/>\r\n\t\t\t\t<div class=\"productview-options-dynamic\" data-product-option-change style=\"display:none;\">\r\n\t\t\t\t\t{{#each product.options}}\r\n\t\t\t\t\t{{{dynamicComponent 'components/products/options'}}}\r\n\t\t\t\t\t{{/each}}\r\n\t\t\t\t</div>\r\n\t\t\t\t<div class=\"productpage-actions flex-div-productActions\">\r\n\t\t\t\t\t<div class=\"cart-button-productActions\">\r\n\t\t\t\t\t\t<!--<div class=\"form-field form-field--stock{{#unless product.stock_level}} u-hiddenVisually{{/unless}}\">-->\r\n\t\t\t\t\t\t<!--</div>-->\r\n\t\t\t\t\t\t{{#if product.can_purchase}}\r\n\t\t\t\t\t\t{{> components/products/add-to-cart}}\r\n\t\t\t\t\t\t{{/if}}\r\n\t\t\t\t\t\t{{#if product.out_of_stock}}\r\n\t\t\t\t\t\t{{#if product.out_of_stock_message}}\r\n\t\t\t\t\t\t{{> components/common/alert-error product.out_of_stock_message}}\r\n\t\t\t\t\t\t{{else}}\r\n\t\t\t\t\t\t{{> components/common/alert-error (lang 'products.sold_out')}}\r\n\t\t\t\t\t\t{{/if}}\r\n\t\t\t\t\t\t{{/if}}\r\n\t\t\t\t\t</div>\r\n\t\t\t\t</div>\r\n\t\t\t</form>\r\n\t\t\t\r\n\t\t</div>\r\n\t\t{{> components/common/wishlist-dropdown}}\r\n\t\t{{/gt}}\r\n\t\t{{/if}}\r\n\r\n\t</section>\r\n</div>\r\n                                         <!-- END OF PRODUCT ROW -->\r\n<div class=\"value-proposition\" style=\"margin-bottom:2%;\">\r\n\t<div class=\"value-proposition-item\">\r\n\t\t<div>\r\n\t\t\t<img src=\"{{cdn '/assets/img/product-page/price.png'}}\"/>\r\n\t\t</div>\r\n\t\t<div>\r\n\t\t\t<h3>Unbeatable Prices</h3>\r\n\t\t\t<p>\r\n\t\t\t\tGreat deals everyday\r\n\t\t\t</p>\r\n\t\t</div>\r\n\t</div>\r\n\t<div class=\"value-proposition-item\">\r\n\t\t<div>\r\n\t\t\t<img src=\"{{cdn '/assets/img/product-page/service.png'}}\"/>\r\n\t\t</div>\r\n\t\t<div>\r\n\t\t\t<h3>Great Service</h3>\r\n\t\t\t<p>\r\n\t\t\t\tHelpful & Professional\r\n\t\t\t</p>\r\n\t\t</div>\r\n\t</div>\r\n\t<div class=\"value-proposition-item\">\r\n\t\t<div>\r\n\t\t\t<img src=\"{{cdn '/assets/img/product-page/selection.png'}}\"/>\r\n\t\t</div>\r\n\t\t<div>\r\n\t\t\t<h3>Wide Selection</h3>\r\n\t\t\t<p>\r\n\t\t\t\tTop brands you'll love\r\n\t\t\t</p>\r\n\t\t</div>\r\n\t</div>\r\n\t<div class=\"value-proposition-item\">\r\n\t\t<div>\r\n\t\t\t<img src=\"{{cdn '/assets/img/product-page/trust.png'}}\"/>\r\n\t\t</div>\r\n\t\t<div>\r\n\t\t\t<h3>Community Trust</h3>\r\n\t\t\t<p>\r\n\t\t\t\tLocally owned & operated\r\n\t\t\t</p>\r\n\t\t</div>\r\n\t</div>\r\n</div>\r\n\r\n{{#each product.custom_fields}}\r\n    {{#if name '===' 'Giftcard'}}\r\n    {{#if value '===' 'Yes'}}\r\n\r\n<div class=\"product-page-giftcard-banner\">\r\n   <a href=\"/contact-us\"> <img src=\"https://cdn11.bigcommerce.com/s-bek4r4rsz5/product_images/uploaded_images/kings-gift-card-02-10-2021-2-.png\"> </a>\r\n</div>\r\n    \r\n{{/if}}\r\n{{/if}}\r\n{{/each}}\r\n\r\n\r\n<div product-description-tabs>\r\n\t<article class=\"productView-description\"{{#if schema}} itemprop=\"description\"{{/if}}>\r\n\t{{#if theme_settings.show_product_details_tabs}}\r\n\t{{> components/products/description-tabs}}\r\n\t{{else}}\r\n\t{{> components/products/description}}\r\n\t{{/if}}\r\n\t</article>\r\n</div>\r\n<div id=\"previewModal\" class=\"modal modal--large\" data-reveal>\r\n\t<a href=\"#\" class=\"modal-close\" aria-label=\"{{lang 'common.close'}}\" role=\"button\">\r\n\t<span aria-hidden=\"true\">&#215;</span>\r\n\t</a>\r\n\t<div class=\"modal-content\"></div>\r\n\t<div class=\"loadingOverlay\"></div>\r\n</div>\r\n<div id=\"financing-overlay\" style=\"z-index:999;display:none;position:fixed;top:0;left:0;width:100%;height:100%;\">\r\n\t<div class=\"overlay-financing\">\r\n\t\t<h2>Financing</h2>\r\n\t\t<p>\r\n\t\t\tAt Kings Great Buys Plus, we greatly honor the needs of our customers. To meet our customers needs, we offer a \r\n\t\t\twide range of financing options. Whether it is regular financing through lenders such as Wells Fargo or other lending programs \r\n\t\t\tfrom other sources, we can help you get the electronic, appliance, or furniture item you need.\r\n\t\t</p>\r\n\t\t<a href=\"/financing/\">LEARN MORE</a>\r\n\t</div>\r\n</div>\r\n<div id=\"shipping-overlay\" style=\"z-index:999;display:none;position:fixed;top:0;left:0;width:100%;height:100%;\">\r\n\t<div class=\"overlay-shipping\">\r\n\t\t<h2>Free Shipping</h2>\r\n\t\t<p>\r\n\t\t\tKing's will deliver all appliance, furniture, or bedding orders of at least $499.99 of value for free within a 20-mile radius of any King's location. \r\n\t\t\tAll other purchases will be charged $99.99 for delivery services. Installation services vary on product type and location.\r\n\t\t</p>\r\n\t\t<a href=\"/delivery/\">LEARN MORE</a>\r\n\t</div>\r\n</div>\r\n<div id=\"ask-for-price-overlay\" style=\"z-index:999;display:none;position:fixed;top:0;left:0;width:100%;height:100%;\">\r\n\t<div class=\"overlay-financing\">\r\n\t\t<a class=\"ask-for-price-exit\">X</a>\r\n\t\t<h2>Want a quotation of {{product.title}}?</h2>\r\n\t\t<form action=\"mailto:Support@kingsgreatbuys.com\" method=\"post\" enctype=\"text/plain\">\r\n\t\t\t<div class=\"form-row form-row--half\">\r\n\t\t\t\t<div class=\"form-field\">\r\n\t\t\t\t\t<input class=\"form-input\" type=\"text\" id=\"product_name\" name=\"product_name\" value=\"{{product.title}}\" readonly>\r\n\t\t\t\t</div>\r\n\t\t\t\t<div class=\"form-field\">\r\n\t\t\t\t\t<input class=\"form-input\" type=\"text\" id=\"product_sku\"  name=\"product_sku\" value=\"{{product.sku}}\" readonly>\r\n\t\t\t\t</div>\r\n\t\t\t\t<div class=\"form-field\">\r\n\t\t\t\t\t<input class=\"form-input\" type=\"text\" id=\"fullname\" name=\"fullname\" placeholder=\"Full Name\" value=\"{{customer.name}}\" required>\r\n\t\t\t\t</div>\r\n\t\t\t\t<div class=\"form-field\">\r\n\t\t\t\t\t<input class=\"form-input\" type=\"text\" id=\"phone\" placeholder=\"Phone\" name=\"Phone\" value=\"{{customer.phone}}\" required>\r\n\t\t\t\t</div>\r\n\t\t\t\t<div class=\"form-field\">\r\n\t\t\t\t\t<input class=\"form-input\" type=\"text\" id=\"email\" placeholder=\"Email\" name=\"Email\" value=\"{{customer.email}}\" required>\r\n\t\t\t\t</div>\r\n\t\t\t\t<div class=\"form-field\">\r\n\t\t\t\t\t<input class=\"form-input\" placeholder=\"Company\" type=\"text\" id=\"contact_companyname\" name=\"Company\" required>\r\n\t\t\t\t</div>\r\n\t\t\t</div>\r\n\t\t\t<div class=\"form-field\">\r\n\t\t\t\t<textarea name=\"Comment/Question\" id=\"contact_question\" placeholder=\"Message\" rows=\"5\" cols=\"50\" class=\"form-input\"></textarea>\r\n\t\t\t</div>\r\n\t\t\t<div class=\"form-actions\">\r\n\t\t\t\t<input class=\"button button--primary\" type=\"submit\" value=\"{{lang 'forms.contact_us.submit' }}\">\r\n\t\t\t</div>\r\n\t\t</form>\r\n\t</div>\r\n</div>\r\n<!--\r\n\t<script>\r\n\t$(function () {\r\n\t    $('.read-more-product-page').click(function () {\r\n\t        $('#datalist li:hidden').slice(0).show();\r\n\t        if ($('#datalist li').length == $('#datalist li:visible').length) {\r\n\t            $('.read-more-product-page').hide();\r\n\t        }\r\n\t    });\r\n\t});\r\n\t</script>\r\n\t-->\r\n<script>\r\n\t   $(document).ready(function () {\r\n                        var element = document.getElementById('#rebate');\r\n                        $('#rebate_details').click(function(){\r\n                               $('details').removeClass('panel-active');\r\n                               $('details').removeAttr('open');\r\n                               $('[rebate-idd]').addClass('panel-active');\r\n                               $('[rebate-idd]').attr('open' ,' ');\r\n                               element.scrollIntoView({behavior: \"smooth\", block: \"center\", inline: \"start\"});\r\n                        });\r\n\r\n\t\t\r\n                      \r\n                });\r\n\r\n\r\n//to automate star reviews in product description\r\nfunction addEventListenerStamped(el, eventName, handler) { \r\n   if (el.addEventListener) { el.addEventListener(eventName, handler); }\r\n   else { el.attachEvent('on' + eventName, function () { handler.call(el); }); } \r\n}\r\n\r\n// Listening for event\r\naddEventListenerStamped(document, '##replaceWithEventName##', function(e) {\r\n\r\n});\r\n\r\n// Example\r\n// Listening for reviews widget loaded event\r\naddEventListenerStamped(document, 'stamped:reviews:loaded', function(e) {\r\n\tvar count = $('#tab-reviews').attr('data-count');\r\n\tvar reviews = $('#label_reviews');\r\n\tvar str = '';\r\n\tif(count < 1 ){\r\n\t\tstr  = '( No reviews yet )';\t\r\n\t}else{\r\n\t\tstr = '(' + count + ' reviews )';\r\n\t}\r\n\treviews.text(str);\r\n});\r\n</script>",
  "components/common/responsive-img": "{{!--\nThis file implements the lazysizes srcset pattern (as seen on\nhttps://github.com/aFarkas/lazysizes#modern-transparent-srcset-pattern) for maximum performance on modern browsers\nand reasonable compatibility with legacy browsers.\n\nThere are a few important arguments to know about when using this component:\n`lazyload`:\n    - If set to 'lazyload+lqip', will load a low-res image which will be replaced by lazysizes - ensuring that SOME\n    content is shown immediately on page load. Without LQIP, a transparent gif will be used instead, which reduces\n    the number of requests needed to load the page, making it even faster.\n    - If set to 'lazyload', the browser will not load the full-size image at first, instead the lazysizes plugin will\n        load it progressively after page load. This improves the load speed of the page, but it should be disabled for\n        high-priority above-the-fold images.\n    - If set to 'disabled', will not attempt to lazyload the image and instead tell the browser to load it immediately.\n        Use this for high-priority images that are above the fold.\n\n`fallback_size`:\n    This is the size to use for this image in legacy browsers that do not support srcset.\n    Can be defined as a pixel bounding-box size (e.g. \"123x123) or inherent width (e.g. \"123w\").\n\n`class`:\n    The CSS classes to add to the image, e.g. \"card-image\". If lazyloading is enabled, all images will have the\n    \"lazyload\" class so that lazysizes will target them automatically.\n\n`otherAttributes`:\n    Any other HTML attributes you want on the img tag, for example \"height='100' width='100'\"\n\n`default_image`:\n    The default image to use if `image` is undefined or falsy. Should be a theme asset, usually defined as a relative\n    path in the theme config. If a default image is not provided, you'll get an image tag with no image if the primary\n    image is undefined.\n\n`lqip_size`:\n    If you want to specify a particular size for the LQIP image, you can do so with this argument. A default of 80\n    pixels wide will be used otherwise. This argument has no effect if the lazyload mode is not \"lazyload+lqip\".\n\n--}}\n<img {{#if image}}{{!-- Get the default image for legacy browsers that do not support srcset\n--}}src=\"{{getImageSrcset image 1x=(default fallback_size '160w')}}\" alt=\"{{image.alt}}\" title=\"{{image.alt}}\" {{!--\n  Allow lazysizes to generate the 'sizes' attribute automatically --}}data-sizes=\"auto\"\n  {{#unless lazyload '==' 'disabled'}}\n    {{#if lazyload '==' 'lazyload+lqip'}}\n    {{!-- If we want a LQIP, include it as the default srcset (will be overwritten by lazysizes) --}}\n    srcset=\"{{getImageSrcset image 1x=(default lqip_size '1452w')}}\"\n    {{else}}\n      {{!-- If we don't want a LQIP, use a 1px transparent gif for the stand-in image\n            This requires no additional network request, so it's fast --}}\n    srcset=\"data:image/gif;base64,R0lGODlhAQABAIAAAP///wAAACH5BAEAAAAALAAAAAABAAEAAAICRAEAOw==\"\n    {{/if}}\n{{/unless}}\n{{!-- If lazyloading is disabled, just use \"srcset\". If it is not disabled, use \"data-srcset\" so lazysizes will use\n      this after page load --}}\n{{!--\nGenerate the srcset string using the default sizes defined in the helper. This will allow the browser to\npick the best-sized image based on its own understanding of how it will render the page.\n--}}\n\n\n{{#unless lazyload '==' 'disabled'}}data-{{/unless}}srcset=\"{{getImageSrcset image use_default_sizes=true }}\" \n{{else if default_image}}src=\"{{cdn default_image}}\"{{/if}}\nclass=\"{{#unless lazyload '==' 'disabled'}}lazyload{{/unless}}{{#if class}} {{class}}{{/if}}\"\n{{#if lazyload '==' 'lazyload'}}loading=\"lazy\"{{/if}}\n{{otherAttributes}} />\n",
  "components/products/price": "\r\n\r\n\r\n{{#if is_category}}\r\n        {{!-- There are 2 code paths for generating the PDP pricing HTML determined by the following #and condition. \r\n            If a 'price_range' exists then we generate all HTML in price-range.html, otherwise it is defined here. Both code\r\n            paths generate the same HTML structure with some differences in whether that element is displayed by default (css styling).\r\n            \r\n            If you are making a change here or in price-range.html, you probably want to make that change in both files. --}}\r\n                    \r\n            {{#and price.price_range (if theme_settings.price_ranges '==' true)}}\r\n                {{> components/products/price-range price=price schema_org=schema_org}}\r\n            {{else}}\r\n                {{#if price.with_tax}}\r\n                    <div class=\"price-section price-section--withTax rrp-price--withTax\" {{#unless price.rrp_with_tax}}style=\"display: none;\"{{/unless}}>\r\n                        {{theme_settings.pdp-retail-price-label}}\r\n                        <span data-product-rrp-with-tax class=\"price price--rrp\">\r\n                            {{price.rrp_with_tax.formatted}}\r\n                        </span>\r\n                    </div>\r\n                    <div class=\"price-section price-section--withTax non-sale-price--withTax\" {{#unless price.non_sale_price_with_tax}}style=\"display: none;\"{{/unless}}>\r\n                        {{theme_settings.pdp-non-sale-price-label}}\r\n                        <span data-product-non-sale-price-with-tax class=\"price price--non-sale\">\r\n                            {{price.non_sale_price_with_tax.formatted}}\r\n                        </span>\r\n                    </div>\r\n                    <div class=\"price-section price-section--withTax\" {{#if schema_org}}itemprop=\"offers\" itemscope itemtype=\"http://schema.org/Offer\"{{/if}}>\r\n                        <span class=\"price-label\" {{#if price.non_sale_price_with_tax}}style=\"display: none;\"{{/if}}>\r\n                            {{theme_settings.pdp-price-label}}\r\n                        </span>\r\n                        <span class=\"price-now-label left\" {{#unless price.non_sale_price_with_tax}}style=\"display: none;\"{{/unless}}>\r\n                            Now\r\n                        </span>\r\n                        <span data-product-price-with-tax class=\"price price--withTax right\">{{price.with_tax.formatted}}</span>\r\n                        {{#if schema_org}}\r\n                            <meta itemprop=\"availability\" itemtype=\"http://schema.org/ItemAvailability\" \r\n                                content=\"http://schema.org/{{#if product.pre_order}}PreOrder{{else if product.out_of_stock}}OutOfStock{{else if product.can_purchase '===' false}}OutOfStock{{else}}InStock{{/if}}\">\r\n                            <meta itemprop=\"itemCondition\" itemtype=\"http://schema.org/OfferItemCondition\" content=\"http://schema.org/{{product.condition}}Condition\">\r\n                            <meta itemprop=\"priceCurrency\" content=\"{{currency_selector.active_currency_code}}\">\r\n                            <meta itemprop=\"url\" content=\"{{product.url}}\">\r\n                            <div itemprop=\"priceSpecification\" itemscope itemtype=\"http://schema.org/PriceSpecification\">\r\n                                <meta itemprop=\"price\" content=\"{{price.with_tax.value}}\">\r\n                                <meta itemprop=\"priceCurrency\" content=\"{{currency_selector.active_currency_code}}\">\r\n                                <meta itemprop=\"valueAddedTaxIncluded\" content=\"true\">\r\n                            </div>\r\n                        {{/if}}\r\n                        {{#if price.without_tax}}\r\n                            <abbr title=\"{{lang 'products.including_tax'}}\">{{lang 'products.price_with_tax' tax_label=price.tax_label}}</abbr>\r\n                        {{/if}}\r\n                    </div>\r\n                {{/if}}\r\n            \r\n                {{#if price.without_tax}}\r\n            \r\n                    <div class=\"price-section price-section--withoutTax rrp-price--withoutTax{{#if price.with_tax}} price-section--minor{{/if}}\" {{#unless price.rrp_without_tax}}style=\"display: none;\"{{/unless}}>\r\n                        {{theme_settings.pdp-retail-price-label}}\r\n                        <span data-product-rrp-price-without-tax class=\"price price--rrp\"> \r\n                            {{price.rrp_without_tax.formatted}}\r\n                        </span>\r\n                    </div>\r\n            \r\n                    <div class=\"price-section price-section--withoutTax\" {{#if schema_org}}itemprop=\"offers\" itemscope itemtype=\"http://schema.org/Offer\"{{/if}}>\r\n                        <span class=\"price-label\" {{#if price.non_sale_price_without_tax}}style=\"display: none;\"{{/if}}>\r\n                            {{theme_settings.pdp-price-label}}\r\n                        </span>\r\n                    \r\n                        <div class=\"price-container-with-now\" {{#if price.saved}}{{else}} style=\"justify-content: center;\" {{/if}}>\r\n                            <div class=\"now-responsive\" style=\"display:flex;flex-direction: column;align-items: flex-start;\">\r\n                                <span class=\"price-now-label left\" {{#unless price.non_sale_price_without_tax}}style=\"display: none;\"{{/unless}}>\r\n                                    Now\r\n                                </span>\r\n                                <span data-product-price-without-tax class=\"price price--withoutTax{{#if price.with_tax}} price-section--minor{{/if}} right ptax\">{{price.without_tax.formatted}}</span>\r\n                            </div>\r\n                        <div>\r\n                            <div class=\"price-section price-section--withoutTax non-sale-price--withoutTax{{#if price.with_tax}} price-section--minor{{/if}}\" {{#unless price.non_sale_price_without_tax}}style=\"display: none;\"{{/unless}}>\r\n                                <span class=\"price left price-was was\" data-product-non-sale-price-without-tax>Was <strike>{{price.non_sale_price_without_tax.formatted}}</strike></span>\r\n                                <!-- <span data-product-non-sale-price-without-tax class=\"price price--non-sale right\">\r\n                                    \r\n                                </span> -->\r\n                            </div>\r\n                            <div class=\"price-section price-section--saving price\" {{#unless price.saved}}style=\"display: none;\"{{/unless}}>\r\n                                    <span data-product-price-saved class=\"price price--saving left price-was\">\r\n                                        Save: {{price.saved.formatted}}\r\n                                    </span>               \r\n                            </div>\r\n                        </div>\r\n                        \r\n                    </div> \r\n            \r\n            \r\n            \r\n            \r\n                        {{#if schema_org}}\r\n                            <meta itemprop=\"availability\" itemtype=\"http://schema.org/ItemAvailability\"\r\n                                content=\"http://schema.org/{{#if product.pre_order}}PreOrder{{else if product.out_of_stock}}OutOfStock{{else if product.can_purchase '===' false}}OutOfStock{{else}}InStock{{/if}}\">\r\n                            <meta itemprop=\"itemCondition\" itemtype=\"http://schema.org/OfferItemCondition\" content=\"http://schema.org/{{product.condition}}Condition\">\r\n                            <meta itemprop=\"priceCurrency\" content=\"{{currency_selector.active_currency_code}}\">\r\n                            <meta itemprop=\"url\" content=\"{{product.url}}\">\r\n                            <div itemprop=\"priceSpecification\" itemscope itemtype=\"http://schema.org/PriceSpecification\">\r\n                                <meta itemprop=\"price\" content=\"{{price.without_tax.value}}\">\r\n                                <meta itemprop=\"priceCurrency\" content=\"{{currency_selector.active_currency_code}}\">\r\n                                <meta itemprop=\"valueAddedTaxIncluded\" content=\"false\">\r\n                            </div>\r\n                        {{/if}}\r\n                        \r\n                        {{#if price.with_tax}}\r\n                            <abbr title=\"{{lang 'products.excluding_tax'}}\">{{lang 'products.price_without_tax' tax_label=price.tax_label}}</abbr>\r\n                        {{/if}}\r\n                    </div>\r\n                {{/if}}\r\n            \r\n            \r\n            \r\n            {{/and}}\r\n            <script>\r\n                    $(\".price\").each(function() {\r\n                        if($(this).html().indexOf('$999,999.00') > -1 ){\r\n                            $(this).html( $(this).html().split('$999,999.00').join('<span class=\"ask-price\">Ask for Price</span>'));\r\n                        }\r\n                    });\r\n            </script>\r\n    \r\n{{else}}\r\n{{!-- if product page shown --!}}\r\n        {{!-- There are 2 code paths for generating the PDP pricing HTML determined by the following #and condition. \r\n            If a 'price_range' exists then we generate all HTML in price-range.html, otherwise it is defined here. Both code\r\n            paths generate the same HTML structure with some differences in whether that element is displayed by default (css styling).\r\n            \r\n            If you are making a change here or in price-range.html, you probably want to make that change in both files. --}}\r\n                    \r\n            {{#and price.price_range (if theme_settings.price_ranges '==' true)}}\r\n                {{> components/products/price-range price=price schema_org=schema_org}}\r\n            {{else}}\r\n                {{#if price.with_tax}}\r\n                    <div class=\"price-section price-section--withTax rrp-price--withTax\" {{#unless price.rrp_with_tax}}style=\"display: none;\"{{/unless}}>\r\n                        {{theme_settings.pdp-retail-price-label}}\r\n                        <span data-product-rrp-with-tax class=\"price price--rrp\">\r\n                            {{price.rrp_with_tax.formatted}}\r\n                        </span>\r\n                    </div>\r\n                    <div class=\"price-section price-section--withTax non-sale-price--withTax\" {{#unless price.non_sale_price_with_tax}}style=\"display: none;\"{{/unless}}>\r\n                        {{theme_settings.pdp-non-sale-price-label}}\r\n                        <span data-product-non-sale-price-with-tax class=\"price price--non-sale\">\r\n                            {{price.non_sale_price_with_tax.formatted}}\r\n                        </span>\r\n                    </div>\r\n                    <div class=\"price-section price-section--withTax\" {{#if schema_org}}itemprop=\"offers\" itemscope itemtype=\"http://schema.org/Offer\"{{/if}} style=\"display:flex;justify-content: space-between;\">\r\n                        <span class=\"price-label\" {{#if price.non_sale_price_with_tax}}style=\"display: none;\"{{/if}}>\r\n                            {{theme_settings.pdp-price-label}}\r\n                        </span>\r\n                        <span class=\"price-now-label left\" {{#unless price.non_sale_price_with_tax}}style=\"display: none;\"{{/unless}} style=\"color:gray;\">\r\n                            Our Price:\r\n                        </span>\r\n                      \r\n                        {{#if schema_org}}\r\n                            <meta itemprop=\"availability\" itemtype=\"http://schema.org/ItemAvailability\" \r\n                                content=\"http://schema.org/{{#if product.pre_order}}PreOrder{{else if product.out_of_stock}}OutOfStock{{else if product.can_purchase '===' false}}OutOfStock{{else}}InStock{{/if}}\">\r\n                            <meta itemprop=\"itemCondition\" itemtype=\"http://schema.org/OfferItemCondition\" content=\"http://schema.org/{{product.condition}}Condition\">\r\n                            <meta itemprop=\"priceCurrency\" content=\"{{currency_selector.active_currency_code}}\">\r\n                            <meta itemprop=\"url\" content=\"{{product.url}}\">\r\n                            <div itemprop=\"priceSpecification\" itemscope itemtype=\"http://schema.org/PriceSpecification\">\r\n                                <meta itemprop=\"price\" content=\"{{price.with_tax.value}}\">\r\n                                <meta itemprop=\"priceCurrency\" content=\"{{currency_selector.active_currency_code}}\">\r\n                                <meta itemprop=\"valueAddedTaxIncluded\" content=\"true\">\r\n                            </div>\r\n                        {{/if}}\r\n                        {{#if price.without_tax}}\r\n                            <abbr title=\"{{lang 'products.including_tax'}}\">{{lang 'products.price_with_tax' tax_label=price.tax_label}}</abbr>\r\n                        {{/if}}\r\n                        <span data-product-price-with-tax class=\"price price--withTax right\" style=\"font-size:1.4rem;\">{{price.with_tax.formatted}}</span>\r\n                    </div>\r\n                {{/if}}\r\n            \r\n                {{#if price.without_tax}}\r\n                    <div class=\"price-section price-section--withoutTax rrp-price--withoutTax{{#if price.with_tax}} price-section--minor{{/if}}\" {{#unless price.rrp_without_tax}}style=\"display: none;\"{{/unless}}>\r\n                        {{theme_settings.pdp-retail-price-label}}\r\n                        <span data-product-rrp-price-without-tax class=\"price price--rrp\"> \r\n                            {{price.rrp_without_tax.formatted}}\r\n                        </span>\r\n                    </div>\r\n                    <div class=\"price-section price-section--withoutTax non-sale-price--withoutTax{{#if price.with_tax}} price-section--minor{{/if}}\" {{#unless price.non_sale_price_without_tax}}style=\"display: none;\"{{/unless}} style=\"display:flex;justify-content: space-between; align-items: center;width:100%;\">\r\n                        <span class=\"price price--non-sale left\" style=\"text-decoration: none;\">Regular Price: </span>\r\n                        <span data-product-non-sale-price-without-tax class=\"price price--non-sale right\">\r\n                            {{price.non_sale_price_without_tax.formatted}}\r\n                        </span>\r\n                    </div>\r\n               \r\n                    <div class=\"price-section price-section--withoutTax\" {{#if schema_org}}itemprop=\"offers\" itemscope itemtype=\"http://schema.org/Offer\"{{/if}} style=\"display:flex;justify-content: space-between; align-items: center;width:100%;\">\r\n                        <span class=\"price-label\" {{#if price.non_sale_price_without_tax}}style=\"display: none;\"{{/if}}>\r\n                            {{theme_settings.pdp-price-label}}\r\n                        </span>\r\n                        <span class=\"price-now-label left\" {{#unless price.non_sale_price_without_tax}}style=\"display: none;\"{{/unless}} style=\"color:gray\">\r\n                            Our Price:\r\n                        </span>\r\n                       \r\n                        {{#if schema_org}}\r\n                            <meta itemprop=\"availability\" itemtype=\"http://schema.org/ItemAvailability\"\r\n                                content=\"http://schema.org/{{#if product.pre_order}}PreOrder{{else if product.out_of_stock}}OutOfStock{{else if product.can_purchase '===' false}}OutOfStock{{else}}InStock{{/if}}\">\r\n                            <meta itemprop=\"itemCondition\" itemtype=\"http://schema.org/OfferItemCondition\" content=\"http://schema.org/{{product.condition}}Condition\">\r\n                            <meta itemprop=\"priceCurrency\" content=\"{{currency_selector.active_currency_code}}\">\r\n                            <meta itemprop=\"url\" content=\"{{product.url}}\">\r\n                            <div itemprop=\"priceSpecification\" itemscope itemtype=\"http://schema.org/PriceSpecification\">\r\n                                <meta itemprop=\"price\" content=\"{{price.without_tax.value}}\">\r\n                                <meta itemprop=\"priceCurrency\" content=\"{{currency_selector.active_currency_code}}\">\r\n                                <meta itemprop=\"valueAddedTaxIncluded\" content=\"false\">\r\n                            </div>\r\n                        {{/if}}\r\n                        \r\n                        {{#if price.with_tax}}\r\n                            <abbr title=\"{{lang 'products.excluding_tax'}}\">{{lang 'products.price_without_tax' tax_label=price.tax_label}}</abbr>\r\n                        {{/if}}\r\n\r\n                        <span data-product-price-without-tax class=\"price price--withoutTax{{#if price.with_tax}} price-section--minor{{/if}} right\" style=\"font-size:1.4rem;\">{{price.without_tax.formatted}}</span>\r\n                        \r\n                            \r\n                    </div>\r\n                    <div class=\"price-section price-section--saving price\" {{#unless price.saved}}style=\"display: none;\"{{/unless}} style=\"display:flex;justify-content: space-between;align-items: center;width:100%;\">\r\n                        <!-- <span data-product-price-saved class=\"price price--saving left\" style=\"color:gray\">  -->\r\n                        <span class=\"left\" style=\"color:gray\"> \r\n                            You save:\r\n                        </span>\r\n                        <span data-product-price-saved class=\"price price--saving right\">\r\n                            {{price.saved.formatted}}\r\n                        </span>    \r\n                    </div>\r\n                {{/if}}\r\n            \r\n            \r\n            \r\n            {{/and}}\r\n            <script>\r\n                    $(\".price\").each(function() {\r\n                        if($(this).html().indexOf('$999,999.00') > -1 ){\r\n                            $(this).html( $(this).html().split('$999,999.00').join('<span class=\"ask-price\">Ask for Price</span>'));\r\n                        }\r\n                    });\r\n            </script>\r\n    \r\n{{/if}}",
  "components/common/login-for-pricing": "<p translate>Log in for pricing</p>\n",
  "components/products/add-to-cart": "{{#if theme_settings.show_product_quantity_box}}\n    <div class=\"form-field form-field--increments\">\n        <label class=\"form-label form-label--alternate\"\n               for=\"qty[]\">Quantity</label>\n            <div class=\"form-increment\" data-quantity-change>\n\n                <button class=\"button button--icon\" data-action=\"dec\" style=\"background-color:#c6c4c4\">\n                    <span class=\"is-srOnly\">{{lang 'products.quantity_decrease'}}</span>\n                    <i class=\"icon\" aria-hidden=\"true\">\n                        <!-- <svg>\n                            <use xlink:href=\"#icon-keyboard-arrow-down\"/>\n                        </svg> -->\n                        <span class=\"fa fa-minus\"></span>\n                    </i>\n                </button>\n\n             \n    <select id=\"qty[]\" name=\"qty[]\" value=\"{{#if product.min_purchase_quantity}}{{product.min_purchase_quantity}}{{else}}1{{/if}}\" class=\"form-select\">\n        {{#for 1 9}}\n            <option value=\"{{$index}}\">\n                {{$index}}\n            </option>\n        {{/for}}\n    </select>\n\n                <button class=\"button button--icon\" data-action=\"inc\" style=\"background-color:#c6c4c4\">\n                    <span class=\"is-srOnly\">{{lang 'products.quantity_increase'}}</span>\n                    <i class=\"icon\" aria-hidden=\"true\">\n                        <!-- <svg>\n                            <use xlink:href=\"#icon-keyboard-arrow-up\"/>\n                        </svg> -->\n                        <span class=\"fa fa-plus\"></span>\n                    </i>\n                </button>\n\n            </div>\n    </div>\n{{/if}}\n\n<div class=\"alertBox productAttributes-message\" style=\"display:none\">\n    <div class=\"alertBox-column alertBox-icon\">\n        <icon glyph=\"ic-success\" class=\"icon\" aria-hidden=\"true\"><svg xmlns=\"http://www.w3.org/2000/svg\" width=\"24\" height=\"24\" viewBox=\"0 0 24 24\"><path d=\"M12 2C6.48 2 2 6.48 2 12s4.48 10 10 10 10-4.48 10-10S17.52 2 12 2zm1 15h-2v-2h2v2zm0-4h-2V7h2v6z\"></path></svg></icon>\n    </div>\n    <p class=\"alertBox-column alertBox-message\"></p>\n</div>\n{{#or customer (if theme_settings.restrict_to_login '!==' true)}}\n    <div class=\"form-action\">\n        <input id=\"form-action-addToCart\" data-wait-message=\"{{lang 'products.adding_to_cart'}}\" class=\"button button--primary\" type=\"submit\"\n            value=\"{{#if product.pre_order}}{{lang 'products.pre_order'}}{{else}}{{lang 'products.add_to_cart'}}{{/if}}\">\n    </div>\n    <a class=\"add-compare\">Add To Compare</a>\n{{/or}}\n",
  "components/common/alert-error": "<div class=\"alertBox alertBox--error\">\n    <div class=\"alertBox-column alertBox-icon\">\n        <icon glyph=\"ic-error\" class=\"icon\" aria-hidden=\"true\"><svg xmlns=\"http://www.w3.org/2000/svg\" width=\"24\" height=\"24\" viewBox=\"0 0 24 24\"><path d=\"M12 2C6.48 2 2 6.48 2 12s4.48 10 10 10 10-4.48 10-10S17.52 2 12 2zm1 15h-2v-2h2v2zm0-4h-2V7h2v6z\"></path></svg></icon>\n    </div>\n    <p class=\"alertBox-column alertBox-message\">\n        <span>{{{this}}}</span>\n    </p>\n</div>\n",
  "components/common/wishlist-dropdown": "<form action=\"{{product.add_to_wishlist_url}}\" class=\"form form-wishlist form-action\" data-wishlist-add method=\"post\">\n    <a aria-controls=\"wishlist-dropdown\" aria-expanded=\"false\" class=\"button dropdown-menu-button sub-button\" data-dropdown=\"wishlist-dropdown\" style=\"color: #f00;background-color: #fcd8df;border:none;\">\n        <span><i class=\"fa fa-heart-o\" aria-hidden=\"true\"></i>&nbsp;&nbsp;&nbsp;{{lang 'account.wishlists.add_item'}}</span>\n    </a>\n    <ul aria-hidden=\"true\" class=\"dropdown-menu\" data-dropdown-content id=\"wishlist-dropdown\" tabindex=\"-1\">\n        {{#if customer.wishlists}} {{#each customer.wishlists}}\n        <li>\n            <input class=\"button {{#if this.num_items '!==' '0'}}button--has-items{{/if}}\" formaction=\"{{this.add_url}}&product_id={{../product.id}}\"\n                type=\"submit\" value=\"{{this.name}}\">\n            \n        </li>\n        {{/each}} {{else}}\n        <li>\n            <input class=\"button\" type=\"submit\" value=\"{{lang 'account.wishlists.add_to_default'}}\">\n        </li>\n        {{/if}}\n        <li>\n            <a data-wishlist class=\"button sub-button\" href=\"/wishlist.php?action=addwishlist&product_id={{product.id}}\">{{lang 'account.wishlists.create_new'}}</a>\n        </li>\n    </ul>\n</form>\n",
  "components/products/description-tabs": "\r\n<div class=\"container collapse\">\r\n  \r\n      \r\n         {{#eachIndex (split product.description '<!-- split -->')}}\r\n {{#if index '==' '0' }} \r\n {{#lengthEqual item 20}}\r\n          {{else}}\r\n          {{#lengthEqual item 80}}\r\n          {{else}}\r\n          \r\n    <details>\r\n         <summary><a><i class=\"fas fa-clipboard\"></i>Special Features</a></summary>\r\n    <div class=\"details-wrapper\">\r\n      <div class=\"details-styling\">       \r\n {{{item}}}\r\n\r\n</div>\r\n    </div>\r\n  </details>\r\n    {{/lengthEqual}}\r\n    {{/lengthEqual}}\r\n {{/if}}\r\n    \r\n     {{/eachIndex}}\r\n      \r\n  \r\n        {{#eachIndex (split product.description '<!-- split -->')}}\r\n {{#if index '==' '1' }} \r\n          {{#lengthEqual item 24}}\r\n          \r\n          {{else}}\r\n          {{#lengthEqual item 23}}\r\n          {{else}}\r\n          {{#lengthEqual item 22}}\r\n\r\n    {{else}}\r\n<details>\r\n    <summary><a><i class=\"fas fa-list-ul\"></i>Specifications</a></summary>\r\n    <div class=\"details-wrapper\">\r\n      <div class=\"details-styling\">        \r\n {{{item}}}\r\n </div>\r\n    </div>\r\n  </details>\r\n    {{/lengthEqual}}\r\n    {{/lengthEqual}}\r\n    {{/lengthEqual}}\r\n {{/if}}\r\n     {{/eachIndex}}\r\n     \r\n  <details>\r\n    <summary><a><i class=\"far fa-star\"></i>Reviews</a></summary>\r\n    <div class=\"details-wrapper\">   \r\n      <div class=\"details-styling\">        \r\n      <div class=\"review-stamped\">        \r\n        <div id=\"stamped-main-widget\" data-widget-style=\"standard\" data-product-id=\"{{ product.id }}\" data-title=\"Customer Reviews\" data-style-color-title=\"#2f2f2b\" data-style-color-text=\"#2f2f2b\" data-style-color-link=\"#2f2f2b\" data-fill-empty=\"true\" data-random=\"? string:Customer Reviews ?\" data-product-image=\"true\"></div>\r\n        </div>\r\n      </div>\r\n    </div>\r\n  </details>\r\n    \r\n    {{#each product.custom_fields}}\r\n    {{#if name '===' 'Rebate IDs'}}\r\n    {{#if value '===' '0'}}\r\n    {{else}}\r\n    <details id=\"#rebate\" rebate-idd=''>\r\n    <summary><a><i class=\"fas fa-tag\"></i>Rebates</a></summary>\r\n    <div class=\"details-wrapper\" >   \r\n         <div class=\"details-styling\">\r\n             <!--<div id=\"bc-rebate\">-->\r\n             <!--    <table id=\"rebate-table\" class=\"display\" width=\"100%\"></table>-->\r\n             <!--</div>-->\r\n             <div id=\"myDIV\">\r\n                <h3></h3>\r\n             </div>\r\n           \r\n         </div>\r\n    </div>\r\n</details>  \r\n\r\n    \r\n{{/if}}\r\n{{/if}}\r\n{{/each}}\r\n   \r\n         \r\n       {{#eachIndex (split product.description '<!-- split -->')}}\r\n {{#if index '==' '4' }}\r\n    {{#lengthEqual item 18}}\r\n    \r\n    {{else}}\r\n    {{#lengthEqual item 16}}\r\n    {{else}}\r\n   \r\n    <details>\r\n    <summary><a><i class=\"far fa-file-text-o\"></i>Documents</a></summary>\r\n    <div class=\"details-wrapper\">   \r\n      <div class=\"details-styling\">     \r\n {{{item}}}\r\n </div>\r\n    </div>\r\n  </details>\r\n\r\n     {{/lengthEqual}}\r\n     {{/lengthEqual}}\r\n {{/if}}\r\n     {{/eachIndex}}\r\n</div>\r\n\r\n<script>\r\ntry{\r\nmiscPolyfillsForIE();\r\n\r\n/*\r\nlet accordion = new Collapse(element, { option: value}).init();\r\n\r\n  Options - { option: defaultValue }\r\n    accordion: false,\r\n    initClass: 'collapse-init',\r\n    activeClass: 'panel-active',\r\n    heightClass: 'collapse-reading-height',\r\n\r\n  Methods - accordion.method(panel)\r\n    open(panel)\r\n    close(panel)\r\n    toggle(panel)\r\n    openSinglePanel(panel) [AKA accordion mode]\r\n    openAll()\r\n    closeAll()\r\n\r\n  Events - panel.addEventListener('event')\r\n    openingPanel\r\n    openedPanel\r\n    closingPanel\r\n    closedPanel\r\n*/\r\n\r\nclass Collapse {\r\n  constructor(container, options = {}) {\r\n    let defaults = {\r\n      accordion: false,\r\n      initClass: 'collapse-init',\r\n      activeClass: 'panel-active',\r\n      heightClass: 'collapse-reading-height',\r\n    }\r\n    \r\n    this.settings = Object.assign({}, defaults, options);\r\n   \r\n    this._container = container;\r\n    this._panels = container.querySelectorAll(\"details\");\r\n    this.events = {\r\n      openingPanel: new CustomEvent('openingPanel'),\r\n      openedPanel: new CustomEvent('openedPanel'),\r\n      closingPanel: new CustomEvent('closingPanel'),\r\n      closedPanel: new CustomEvent('closedPanel'),\r\n    };\r\n  }  \r\n  // Sets height of panel content\r\n  _setPanelHeight( panel ) {\r\n    let contents = panel.querySelector(\"summary + *\");\r\n    contents.style.height = contents.scrollHeight + \"px\";\r\n  }\r\n  // Removes height of panel content\r\n  _removePanelHeight( panel ) {\r\n    let contents = panel.querySelector(\"summary + *\"); \r\n    contents.style.height = null;\r\n  }\r\n  //=== Open panel\r\n  open(panel) {\r\n    panel.dispatchEvent( this.events.openingPanel );\r\n    panel.open = true;\r\n  }\r\n  // Add height and active class, this triggers opening animation\r\n  _afterOpen(panel) {\r\n    this._setPanelHeight(panel);\r\n    panel.classList.add(this.settings.activeClass);\r\n  }\r\n  // Remove height on animation end since it's no longer needed\r\n  _endOpen(panel) {\r\n    panel.dispatchEvent( this.events.openedPanel );\r\n    this._removePanelHeight(panel);\r\n  }\r\n  //=== Close panel, not toggling the actual [open] attr!\r\n  close(panel) {\r\n    panel.dispatchEvent( this.events.closingPanel );\r\n    this._afterClose(panel);\r\n  }\r\n  // Set height, wait a beat, then remove height to trigger closing animation\r\n  _afterClose(panel) {\r\n    this._setPanelHeight(panel);\r\n    setTimeout(() => {\r\n      panel.classList.remove(this.settings.activeClass);\r\n      this._removePanelHeight(panel);\r\n    }, 100); //help, this is buggy and hacky\r\n  }\r\n\r\n  // Actually closes panel once animation finishes\r\n  _endClose(panel) {\r\n    panel.dispatchEvent( this.events.closedPanel );\r\n    \r\n    panel.open = false;\r\n  }\r\n  \r\n  //=== Toggles panel... just in case anyone needs this\r\n  toggle(panel) {\r\n    panel.open ? this.close(panel) : this.open(panel);\r\n  }\r\n\r\n  //=== Accordion closes all panels except the current passed panel \r\n  openSinglePanel(panel) {\r\n    this._panels.forEach((element) => {\r\n      if (panel == element && !panel.open) {\r\n        this.open(element);\r\n      } else {\r\n        this.close(element);\r\n      }\r\n    });\r\n  }\r\n  \r\n  //=== Opens all panels just because\r\n  openAll() {\r\n    this._panels.forEach((element) => {\r\n      this.open(element);\r\n    });\r\n  }\r\n  \r\n  //=== Closes all panels just in case\r\n  closeAll() {\r\n    this._panels.forEach((element) => {\r\n      this.close(element);\r\n    });\r\n  }\r\n  \r\n  // Now put it all together\r\n  _attachEvents() {\r\n    this._panels.forEach(panel => {\r\n      let toggler = panel.querySelector(\"summary\");\r\n      let contents = panel.querySelector(\"summary + *\");\r\n\r\n      // On panel open\r\n      panel.addEventListener(\"toggle\", e => {\r\n        let isReadingHeight = panel.classList.contains(this.settings.heightClass);\r\n\r\n        if (panel.open && !isReadingHeight) {\r\n          this._afterOpen(panel);\r\n        }\r\n      });\r\n\r\n      toggler.addEventListener(\"click\", e => {\r\n        // If accordion, stop default toggle behavior\r\n        if (this.settings.accordion) {\r\n          this.openSinglePanel(panel);\r\n          e.preventDefault();\r\n        }\r\n        \r\n        // On attempting close, stop default close behavior to substitute our own\r\n        else if (panel.open) {\r\n          this.close(panel);\r\n          e.preventDefault();\r\n        }\r\n        \r\n        // On open, proceed as normal (see toggle listener above)\r\n      });\r\n      \r\n      /*\r\n        transitionend fires once for each animated property, \r\n        but we want it to fire once for each click. \r\n        So let's make sure to watch only a single property\r\n        Note this makes complex animations with multiple transition-durations impossible\r\n        Sorry\r\n      */\r\n      let propToWatch = '';\r\n          \r\n      // On panel finishing open/close animation\r\n      contents.addEventListener(\"transitionend\", (e) => {\r\n        // Ignore transitions from child elements\r\n        if(e.target !== contents) {\r\n          return;\r\n        }\r\n          \r\n        // Set property to watch on first fire\r\n        if ( !propToWatch ) propToWatch = e.propertyName;\r\n        \r\n        // If watched property matches currently animating property\r\n        if ( e.propertyName == propToWatch ) {\r\n          let wasOpened = panel.classList.contains(this.settings.activeClass);\r\n          wasOpened ? this._endOpen(panel) : this._endClose(panel);\r\n        }\r\n      });\r\n    });\r\n  }\r\n\r\n  init() {\r\n    // Attach functionality\r\n    this._attachEvents();\r\n    \r\n    // If accordion, open the first panel\r\n    // if (this.settings.accordion) {\r\n    //   this.openSinglePanel(this._panels[0]);\r\n    // }\r\n    if(window.location.href.indexOf('#') > 0 ){\r\n      this.openSinglePanel(this._panels[3]);\r\n      var el = document.getElementById('#rebate');\r\n      el.scrollIntoView({block: \"start\"});\r\n     \r\n\r\n\r\n    }else{\r\n      this.openSinglePanel(this._panels[0]);\r\n    }\r\n    \r\n    // For styling purposes\r\n    this._container.classList.add(this.settings.initClass);\r\n    \r\n    return this;\r\n  }\r\n}\r\n\r\nlet makeMePretty = document.querySelector(\".collapse\");\r\nlet accordion = new Collapse(makeMePretty, { accordion: true }).init(); \r\n\r\n// Toggle accordion behavior\r\ndocument.querySelector(\"#accordion-toggle\")\r\n  .addEventListener(\"change\", function() {\r\n    this.checked ? \r\n      accordion.settings.accordion = false : \r\n      accordion.settings.accordion = true ;\r\n});\r\n\r\n// hoisthoistupwego I'm stuck on a machine with IE11\r\nfunction miscPolyfillsForIE() {  \r\n  // NodeList.forEach() polyfill\r\n  // https://developer.mozilla.org/en-US/docs/Web/API/NodeList/forEach#Browser_Compatibility\r\n  if (window.NodeList && !NodeList.prototype.forEach) {\r\n    NodeList.prototype.forEach = Array.prototype.forEach;\r\n  }\r\n\r\n  // Object.assign() polyfill \r\n  // https://developer.mozilla.org/en-US/docs/Web/JavaScript/Reference/Global_Objects/Object/assign\r\n  \"function\"!=typeof Object.assign&&Object.defineProperty(Object,\"assign\",{value:function(e,t){\"use strict\";if(null==e)throw new TypeError(\"Cannot convert undefined or null to object\");for(var n=Object(e),r=1;r<arguments.length;r++){var o=arguments[r];if(null!=o)for(var c in o)Object.prototype.hasOwnProperty.call(o,c)&&(n[c]=o[c])}return n},writable:!0,configurable:!0});\r\n  \r\n  // CustomEvent polyfill\r\n  // https://developer.mozilla.org/en-US/docs/Web/API/CustomEvent\r\n  !function(){if(\"function\"==typeof window.CustomEvent)return!1;function t(t,e){e=e||{bubbles:!1,cancelable:!1,detail:void 0};var n=document.createEvent(\"CustomEvent\");return n.initCustomEvent(t,e.bubbles,e.cancelable,e.detail),n}t.prototype=window.Event.prototype,window.CustomEvent=t}();\r\n}\r\n}catch(err){console.log(\"accordionERROR\");}\r\n</script>\r\n\r\n   {{#all settings.show_product_reviews theme_settings.show_product_reviews_tabs}}\r\n       <div class=\"tab-content\" id=\"tab-reviews\">\r\n           {{> components/products/reviews reviews=product.reviews product=product urls=urls}}\r\n       </div>\r\n   {{/all}}\r\n</div>\r\n",
  "components/products/description": "<p class=\"productView-title\">{{lang 'products.description'}}</p>\n<div class=\"productView-description\" {{#if settings.data_tag_enabled}} data-event-type=\"product\" {{/if}}>\n    {{{product.description}}}\n</div>\n\n{{#if product.warranty}}\n    <p class=\"productView-title\">{{lang 'products.warranty'}}</p>\n    <div class=\"productView-description\">\n        {{{product.warranty}}}\n    </div>\n{{/if}}\n",
  "components/products/options/date": "<div class=\"form-field\" data-product-attribute=\"date\">\n    <label class=\"form-label form-label--alternate form-label--inlineSmall\" {{#if style}}style=\"{{style}}\" {{/if}}>\n        {{this.display_name}}:\n\n        {{#if required}}\n            <small>{{lang 'common.required'}}</small>\n        {{/if}}\n    </label>\n    <select class=\"form-select form-select--date\" name=\"attribute[{{this.id}}][month]\" {{#if required}}required{{/if}}>\n        <option value=\"\">{{lang 'common.month'}}</option>\n        {{#for 1 12}}\n            <option value=\"{{$index}}\" {{#if ../selected_date.month '==' $index}}selected=\"selected\"{{/if}}>\n                {{lang (concat 'common.short_months.' $index)}}\n            </option>\n        {{/for}}\n    </select>\n    <select class=\"form-select form-select--date\" name=\"attribute[{{this.id}}][day]\" {{#if required}}required{{/if}}>\n        <option value=\"\">{{lang 'common.day'}}</option>\n        {{#for 1 31}}\n            <option value=\"{{$index}}\" {{#if ../selected_date.day '==' $index}}selected=\"selected\"{{/if}}>\n                {{$index}}\n            </option>\n        {{/for}}\n    </select>\n    <select class=\"form-select form-select--date\" name=\"attribute[{{this.id}}][year]\" {{#if required}}required{{/if}}>\n        <option value=\"\">{{lang 'common.year'}}</option>\n        {{#for earliest_year latest_year}}\n            <option value=\"{{$index}}\" {{#if ../selected_date.year '==' $index}}selected=\"selected\"{{/if}}>\n                {{$index}}\n            </option>\n        {{/for}}\n        {{#if earliest_year '==' latest_year}}\n        <option value=\"{{earliest_year}}\" selected=\"selected\">{{earliest_year}}</option>\n        {{/if}}\n    </select>\n</div>\n",
  "components/products/options/input-checkbox": "<div class=\"form-field\" data-product-attribute=\"input-checkbox\">\n    <label class=\"form-label form-label--alternate form-label--inlineSmall\">\n        {{display_name}}:\n\n        {{#if required}}\n            <small>{{lang 'common.required'}}</small>\n        {{/if}}\n    </label>\n    <input type=\"hidden\" name=\"attribute[{{id}}]\" value=\"{{noValue}}\" />\n    <input\n        class=\"form-checkbox\"\n        type=\"checkbox\"\n        name=\"attribute[{{id}}]\"\n        id=\"attribute-check-{{id}}\"\n        value=\"{{value}}\"\n        {{#if checked}}\n            checked\n            data-default\n        {{/if}}\n        {{#if required}}required{{/if}}>\n\n    <label class=\"form-label {{class}}\" for=\"attribute-check-{{id}}\">{{label}}</label>\n</div>\n",
  "components/products/options/input-file": "<div class=\"form-field\" data-product-attribute=\"input-file\">\n    <label class=\"form-label form-label--alternate form-label--inlineSmall\" for=\"attribute_file_{{id}}\">\n        {{ this.display_name }}:\n\n        {{#if required}}\n            <small>{{lang 'common.required'}}</small>\n        {{/if}}\n    </label>\n\n    <input class=\"form-file\" type=\"file\" id=\"attribute_file_{{id}}\" name=\"attribute[{{this.id}}]\" {{#if required}}required{{/if}}>\n    {{#if original_name}}\n        {{{lang 'products.file_option_set' url=file_url name=original_name}}}\n        <label>{{lang 'cart.remove_file'}}<input type=\"checkbox\" name=\"{{file_remove}}\"></label>\n    {{/if}}\n    <p class=\"form-fileDescription\">{{#if file_size}}{{lang 'products.max_filesize'}} <strong>{{file_size}}</strong>, {{/if}}{{#if file_types}}{{lang 'products.filetypes'}} <strong>{{file_types}}</strong>{{/if}}</p>\n\n</div>\n",
  "components/products/options/input-numbers": "<div class=\"form-field\" data-product-attribute=\"input-number\">\n    <label class=\"form-label form-label--alternate form-label--inlineSmall\" for=\"attribute_number_{{id}}\">\n        {{ this.display_name }}:\n\n        {{#if required}}\n            <small>{{lang 'common.required'}}</small>\n        {{/if}}\n    </label>\n\n    <input class=\"form-input\" type=\"number\" id=\"attribute_number_{{id}}\" {{#unless this.integer_only}}step=\"any\"{{/unless}} name=\"attribute[{{this.id}}]\" value=\"{{this.prefill}}\" {{#if required}}required{{/if}}>\n</div>\n",
  "components/products/options/input-text": "<div class=\"form-field\" data-product-attribute=\"input-text\">\n    <label class=\"form-label form-label--alternate form-label--inlineSmall\" for=\"attribute_text_{{id}}\">\n        {{ this.display_name }}:\n\n        {{#if required}}\n            <small>{{lang 'common.required'}}</small>\n        {{/if}}\n    </label>\n\n    <input class=\"form-input form-input--small\" type=\"text\" id=\"attribute_text_{{id}}\" name=\"attribute[{{this.id}}]\" value=\"{{this.prefill}}\" {{#if required}}required{{/if}} {{#if max_length}}maxlength=\"{{max_length}}\"{{/if}}>\n</div>\n",
  "components/products/options/product-list": "<div class=\"form-field\" data-product-attribute=\"product-list\">\n    <label class=\"form-label form-label--alternate form-label--inlineSmall\">\n        {{display_name}}:\n        <span data-option-value></span>\n\n        {{#if required}}\n            <small>{{lang 'common.required'}}</small>\n        {{/if}}\n    </label>\n\n    {{#if values.0.image}}\n        <ul class=\"productOptions-list\">\n            {{#unless required}}\n                <li class=\"productOptions-list-item\">\n                    <input class=\"form-radio\"\n                           type=\"radio\"\n                           name=\"attribute[{{id}}]\"\n                           value=\"0\"\n                           id=\"attribute_productlist_0_{{id}}\"\n                           checked=\"{{#if defaultValue '==' 0}}checked{{/if}}\" required>\n                    <label class=\"form-label\" for=\"attribute_productlist_0_{{id}}\">{{lang 'products.none'}}</label>\n                </li>\n            {{/unless}}\n            {{#each values}}\n                <li class=\"productOptions-list-item\" data-product-attribute-value=\"{{id}}\">\n                    {{#if image}}\n                        <figure class=\"productOptions-list-item-figure\">\n                            {{> components/common/responsive-img\n                                image=image\n                                class=\"productOptions-list-item-image\"\n                                lazyload='lazyload+lqip'\n                            }}\n                        </figure>\n                    {{/if}}\n                    <div class=\"productOptions-list-item-content\">\n                        <input\n                            class=\"form-radio\"\n                            type=\"radio\"\n                            name=\"attribute[{{../id}}]\"\n                            value=\"{{id}}\"\n                            id=\"attribute_productlist_{{../id}}_{{id}}\"\n                            {{#if selected}}\n                                checked\n                                data-default\n                            {{/if}}\n                            {{#if ../required}}required{{/if}}>\n                        <label data-product-attribute-value=\"{{id}}\" class=\"form-label\" for=\"attribute_productlist_{{../id}}_{{id}}\">{{label}}</label>\n                    </div>\n                </li>\n            {{/each}}\n        </ul>\n    {{else}}\n        {{#unless required}}\n        <input class=\"form-radio\"\n               type=\"radio\"\n               name=\"attribute[{{id}}]\"\n               value=\"0\"\n               id=\"attribute_productlist_0_{{id}}\"\n               {{#if defaultValue '==' 0}}checked{{/if}}>\n        <label class=\"form-label\" for=\"attribute_productlist_0_{{id}}\">{{lang 'products.none'}}</label>\n        {{/unless}}\n        {{#each values}}\n            <input\n                class=\"form-radio\"\n                type=\"radio\"\n                name=\"attribute[{{../id}}]\"\n                value=\"{{id}}\"\n                id=\"attribute_productlist_{{../id}}_{{id}}\"\n                {{#if selected}}checked{{/if}}\n                {{#if ../required}}required{{/if}}>\n            <label data-product-attribute-value=\"{{id}}\" class=\"form-label\" for=\"attribute_productlist_{{../id}}_{{id}}\">{{label}}</label>\n        {{/each}}\n    {{/if}}\n</div>\n",
  "components/products/options/set-radio": "<div class=\"form-field\" data-product-attribute=\"set-radio\">\n    <label class=\"form-label form-label--alternate form-label--inlineSmall\">\n        {{ this.display_name }}:\n\n        {{#if required}}\n            <small>{{lang 'common.required'}}</small>\n        {{/if}}\n    </label>\n\n    {{#each this.values}}\n        <input\n            class=\"form-radio\"\n            type=\"radio\"\n            id=\"attribute_radio_{{../id}}_{{id}}\"\n            name=\"attribute[{{../id}}]\"\n            value=\"{{id}}\"\n            {{#if selected}}\n                checked\n                data-default\n            {{/if}}\n            {{#if ../required}}required{{/if}}>\n        <label data-product-attribute-value=\"{{id}}\" class=\"form-label\" for=\"attribute_radio_{{../id}}_{{id}}\">{{this.label}}</label>\n    {{/each}}\n</div>\n",
  "components/products/options/set-rectangle": "<div class=\"form-field\" data-product-attribute=\"set-rectangle\">\n    <label class=\"form-label form-label--alternate form-label--inlineSmall\">\n        {{this.display_name}}:\n        <span data-option-value></span>\n        {{#if required}}\n            <small>{{lang 'common.required'}}</small>\n        {{/if}}\n    </label>\n    {{#each this.values}}\n        <input\n            class=\"form-radio\"\n            type=\"radio\"\n            id=\"attribute_rectangle__{{../id}}_{{id}}\"\n            name=\"attribute[{{../id}}]\"\n            value=\"{{id}}\"\n            {{#if selected}}\n                checked\n                data-default\n            {{/if}}\n            {{#if ../required}}required{{/if}}>\n        <label class=\"form-option\" for=\"attribute_rectangle__{{../id}}_{{id}}\" data-product-attribute-value=\"{{id}}\">\n            <span class=\"form-option-variant\">{{this.label}}</span>\n        </label>\n    {{/each}}\n</div>\n",
  "components/products/options/set-select": "<div class=\"form-field\" data-product-attribute=\"set-select\">\n    <label class=\"form-label form-label--alternate form-label--inlineSmall\" for=\"attribute_select_{{id}}\">\n        {{ this.display_name }}:\n\n        {{#if required}}\n            <small>{{lang 'common.required'}}</small>\n        {{/if}}\n    </label>\n\n    <select class=\"form-select form-select--small\" name=\"attribute[{{this.id}}]\" id=\"attribute_select_{{id}}\" {{#if required}}required{{/if}}>\n        <option value=\"\">{{lang 'products.choose_options'}}</option>\n        {{#each this.values}}\n            <option data-product-attribute-value=\"{{id}}\" value=\"{{id}}\" {{#if selected}}selected data-default{{/if}}>{{label}}</option>\n        {{/each}}\n    </select>\n</div>\n",
  "components/products/options/swatch": "<div class=\"form-field\" data-product-attribute=\"swatch\">\n    <label class=\"form-label form-label--alternate form-label--inlineSmall\">\n        {{this.display_name}}:\n        <span data-option-value></span>\n\n        {{#if required}}\n            <small>{{lang 'common.required'}}</small>\n        {{/if}}\n    </label>\n\n    {{#each this.values}}\n        <input class=\"form-radio\" type=\"radio\" name=\"attribute[{{../id}}]\" value=\"{{id}}\" id=\"attribute_swatch_{{../id}}_{{id}}\" {{#if selected}}checked data-default{{/if}} {{#if ../required}}required{{/if}}>\n        <label class=\"form-option form-option-swatch\" for=\"attribute_swatch_{{../id}}_{{id}}\" data-product-attribute-value=\"{{id}}\">\n            {{#if image}}\n                <span class='form-option-variant form-option-variant--pattern' title=\"{{this.label}}\" style=\"background-image: url('{{getImage image \"swatch_option_size\"}}');\"></span>\n            {{/if}}\n            {{#if data.[2]}}\n                <span class='form-option-variant form-option-variant--color' title=\"{{this.label}}\" style=\"background-color: #{{data.[0]}}\"></span>\n                <span class='form-option-variant form-option-variant--color' title=\"{{this.label}}\" style=\"background-color: #{{data.[1]}}\"></span>\n                <span class='form-option-variant form-option-variant--color' title=\"{{this.label}}\" style=\"background-color: #{{data.[2]}}\"></span>\n            {{else}}\n                {{#if data.[1]}}\n                    <span class='form-option-variant form-option-variant--color' title=\"{{this.label}}\" style=\"background-color: #{{data.[0]}}\"></span>\n                    <span class='form-option-variant form-option-variant--color' title=\"{{this.label}}\" style=\"background-color: #{{data.[1]}}\"></span>\n                {{else}}\n                    {{#if data.[0]}}\n                        <span class='form-option-variant form-option-variant--color' title=\"{{this.label}}\" style=\"background-color: #{{data.[0]}}\"></span>\n                    {{/if}}\n                {{/if}}\n            {{/if}}\n            {{#if pattern}}\n                <span class=\"form-option-expanded\">\n                    <span class=\"form-option-image\" style=\"background-image: url('{{getImage image 'core-swatch'}}');\"></span>\n                </span>\n            {{/if}}\n        </label>\n    {{/each}}\n</div>\n",
  "components/products/options/textarea": "<div class=\"form-field\" data-product-attribute=\"textarea\">\n    <label class=\"form-label form-label--alternate form-label--inlineSmall\" for=\"attribute_textarea_{{id}}\">\n        {{display_name}}:\n\n        {{#if required}}\n            <small>{{lang 'common.required'}}</small>\n        {{/if}}\n    </label>\n\n    <textarea class=\"form-input\" id=\"attribute_textarea_{{id}}\" name=\"attribute[{{id}}]\" {{#if required}}required{{/if}} {{#if max_length}}maxlength={{max_length}}{{/if}}>{{prefill}}</textarea>\n</div>\n",
  "components/products/price-range": "{{#and price.retail_price_range.min.with_tax price.retail_price_range.max.with_tax}}\n    <div class=\"price-section price-section--withTax rrp-price--withTax\">\n        {{theme_settings.pdp-retail-price-label}}\n        <span data-product-rrp-price-with-tax class=\"price price--rrp\">{{price.retail_price_range.min.with_tax.formatted}} - {{price.retail_price_range.max.with_tax.formatted}}</span>\n    </div>\n{{else}}\n    {{#if price.with_tax}}\n        <div class=\"price-section price-section--withTax rrp-price--withTax\">\n            {{theme_settings.pdp-retail-price-label}}\n            <span data-product-rrp-with-tax class=\"price price--rrp\">\n                {{price.rrp_with_tax.formatted}}\n            </span>\n        </div>\n    {{/if}}\n{{/and}}\n{{#and price.price_range.min.with_tax price.price_range.max.with_tax}}\n    {{!-- Never display the \"non-sales price\" if there is a price range to be shown, but we do want the element on the page --}}\n    <div class=\"price-section price-section--withTax non-sale-price--withTax\">\n        {{theme_settings.pdp-non-sale-price-label}}\n        <span data-product-non-sale-price-with-tax class=\"price price--non-sale\">\n            {{price.non_sale_price_with_tax.formatted}}\n        </span>\n    </div>\n    <div class=\"price-section price-section--withTax\" {{#if schema_org}}itemprop=\"offers\" itemscope itemtype=\"http://schema.org/Offer\"{{/if}}>\n        <span class=\"price-label\">{{theme_settings.pdp-price-label}}</span>\n        <span class=\"price-now-label\">{{theme_settings.pdp-sale-price-label}}</span>\n        <span data-product-price-with-tax class=\"price price--withTax\">{{price.price_range.min.with_tax.formatted}} - {{price.price_range.max.with_tax.formatted}}</span>\n        {{#and price.price_range.min.without_tax price.price_range.max.without_tax}}\n            <abbr title=\"{{lang 'products.including_tax'}}\">{{lang 'products.price_with_tax' tax_label=price.price_range.min.tax_label}}</abbr>\n        {{/and}}\n        {{#if schema_org}}\n            <meta itemprop=\"availability\" itemtype=\"http://schema.org/ItemAvailability\"\n                    content=\"http://schema.org/{{#if product.pre_order}}PreOrder{{else if product.out_of_stock}}OutOfStock{{else if product.can_purchase '===' false}}OutOfStock{{else}}InStock{{/if}}\">\n            <meta itemprop=\"itemCondition\" itemtype=\"http://schema.org/OfferItemCondition\" content=\"http://schema.org/{{product.condition}}Condition\">\n            <meta itemprop=\"priceCurrency\" content=\"{{currency_selector.active_currency_code}}\">\n            <meta itemprop=\"url\" content=\"{{product.url}}\">\n            <div itemprop=\"priceSpecification\" itemscope itemtype=\"http://schema.org/PriceSpecification\">\n                <meta itemprop=\"minPrice\" content=\"{{price_range.min.with_tax.value}}\"  />\n                <meta itemprop=\"price\" content=\"{{price_range.min.with_tax.value}}\">\n                <meta itemprop=\"maxPrice\" content=\"{{price_range.max.with_tax.value}}\"  />\n                <meta itemprop=\"priceCurrency\" content=\"{{currency_selector.active_currency_code}}\">\n                <meta itemprop=\"valueAddedTaxIncluded\" content=\"true\">\n            </div>\n        {{/if}}\n    </div>\n{{/and}}\n{{#and price.retail_price_range.min.without_tax price.retail_price_range.max.without_tax}}\n    <div class=\"price-section price-section--withoutTax rrp-price--withoutTax{{#if price.with_tax}} price-section--minor{{/if}}\">\n        {{theme_settings.pdp-retail-price-label}}\n        <span data-product-rrp-price-without-tax class=\"price price--rrp\">{{price.retail_price_range.min.without_tax.formatted}} - {{price.retail_price_range.max.without_tax.formatted}}</span>\n    </div>\n{{else}}\n    {{#if price.without_tax}}\n        <div class=\"price-section price-section--withoutTax rrp-price--withoutTax{{#if price.with_tax}} price-section--minor{{/if}}\">\n            {{theme_settings.pdp-retail-price-label}}\n            <span data-product-rrp-price-without-tax class=\"price price--rrp\">\n                {{price.rrp_without_tax.formatted}}\n            </span>\n        </div>\n    {{/if}}\n{{/and}}\n{{#and price.price_range.min.without_tax price.price_range.max.without_tax}}\n    {{!-- Never display the \"non-sales price\" if there is a price range to be shown, but we do want the element on the page --}}\n    <div class=\"price-section price-section--withoutTax non-sale-price--withoutTax{{#if price.with_tax}} price-section--minor{{/if}}\">\n        {{theme_settings.pdp-non-sale-price-label}}\n        <span data-product-non-sale-price-without-tax class=\"price price--non-sale\">\n            {{price.non_sale_price_without_tax.formatted}}\n        </span>\n    </div>\n    <div class=\"price-section price-section--withoutTax{{#and price_range.min.with_tax price_range.max.with_tax}} price-section--minor{{/and}}\" {{#if schema_org}}itemprop=\"offers\" itemscope itemtype=\"http://schema.org/Offer\"{{/if}}>\n        <span class=\"price-label\">{{theme_settings.pdp-price-label}}</span>\n        <span class=\"price-now-label\">{{theme_settings.pdp-sale-price-label}}</span>\n        <span data-product-price-without-tax class=\"price price--withoutTax\">{{price.price_range.min.without_tax.formatted}} - {{price.price_range.max.without_tax.formatted}}</span>\n        {{#and price.price_range.min.with_tax price.price_range.max.with_tax}}\n            <abbr title=\"{{lang 'products.excluding_tax'}}\">{{lang 'products.price_without_tax' tax_label=price.price_range.min.tax_label}}</abbr>\n        {{/and}}\n        {{#if schema_org}}\n            <meta itemprop=\"availability\" itemtype=\"http://schema.org/ItemAvailability\"\n                    content=\"http://schema.org/{{#if product.pre_order}}PreOrder{{else if product.out_of_stock}}OutOfStock{{else if product.can_purchase '===' false}}OutOfStock{{else}}InStock{{/if}}\">\n            <meta itemprop=\"itemCondition\" itemtype=\"http://schema.org/OfferItemCondition\" content=\"http://schema.org/{{product.condition}}Condition\">\n            <meta itemprop=\"priceCurrency\" content=\"{{currency_selector.active_currency_code}}\">\n            <meta itemprop=\"url\" content=\"{{product.url}}\">\n            <div itemprop=\"priceSpecification\" itemscope itemtype=\"http://schema.org/PriceSpecification\">\n                <meta itemprop=\"minPrice\" content=\"{{price.price_range.min.without_tax.value}}\"  />\n                <meta itemprop=\"price\" content=\"{{price.price_range.min.without_tax.value}}\">\n                <meta itemprop=\"maxPrice\" content=\"{{price.price_range.max.without_tax.value}}\"  />\n                <meta itemprop=\"priceCurrency\" content=\"{{currency_selector.active_currency_code}}\">\n                <meta itemprop=\"valueAddedTaxIncluded\" content=\"false\">\n            </div>\n        {{/if}}\n    </div>\n{{/and}}\n\n{{!-- Never display the \"saving price\" element by default if there is a price range on the page to be shown --}}\n{{#if page_type '===' 'product'}}\n     <div class=\"price-section price-section--saving price\">\n            <span class=\"price\">{{lang 'products.you_save_opening_text'}}</span>\n            <span data-product-price-saved class=\"price price--saving\">\n                {{price.saved.formatted}}\n            </span>\n            <span class=\"price\">{{lang 'products.you_save_closing_bracket'}}</span>\n     </div>\n{{/if}}\n",
  "components/products/reviews": "{{#if reviews.total}}\n<section class=\"toggle productReviews\" id=\"product-reviews\" data-product-reviews>\n    <h4 class=\"toggle-title\">\n        {{lang 'products.reviews.header' total=reviews.total}}\n        {{#if theme_settings.show_product_reviews_tabs '!==' true}}\n            <a class=\"toggleLink is-open\" data-collapsible href=\"#productReviews-content\">\n                <span class=\"toggleLink-text toggleLink-text--on\">\n                    {{lang 'products.reviews.hide'}}\n                </span>\n                <span class=\"toggleLink-text toggleLink-text--off\">\n                    {{lang 'products.reviews.show'}}\n                </span>\n            </a>\n        {{/if}}\n    </h4>\n    <div class=\"toggle-content is-open\" id=\"productReviews-content\" aria-hidden=\"false\">\n        <ul class=\"productReviews-list\" id=\"productReviews-list\">\n            {{#each reviews.list}}\n            <li class=\"productReview\">\n                <article itemprop=\"review\" itemscope itemtype=\"http://schema.org/Review\">\n                    <header>\n                        <span class=\"productReview-rating rating--small\" itemprop=\"reviewRating\" itemscope itemtype=\"http://schema.org/Rating\">\n                            {{> components/products/ratings rating=rating}}\n                            <span class=\"productReview-ratingNumber\" itemprop=\"ratingValue\">{{ rating }}</span>\n                        </span>\n                        <h5 itemprop=\"name\" class=\"productReview-title\">{{ title }}</h5>\n                        {{#if name}}\n                            <meta itemprop=\"author\" content=\"{{name}}\">\n                            <p class=\"productReview-author\">\n                                {{lang 'products.reviews.post_on_by' date=date name=name }}\n                            </p>\n                        {{else}}\n                            <p class=\"productReview-author\">\n                                {{lang 'products.reviews.post_on_by' date=date name=(lang 'products.reviews.anonymous_poster')}}\n                            </p>\n                        {{/if}}\n                    </header>\n                    <p itemprop=\"reviewBody\" class=\"productReview-body\">{{nl2br text}}</p>\n                </article>\n            </li>\n            {{/each}}\n        </ul>\n        {{> components/common/paginator pagination.reviews}}\n    </div>\n</section>\n{{/if}}\n",
  "components/products/ratings": "{{#for 1 5}}\n    {{#if ../this.rating '>=' $index}}\n        <span class=\"icon icon--ratingFull\">\n            <svg>\n                <use xlink:href=\"#icon-star\" />\n            </svg>\n        </span>\n    {{else}}\n        <span class=\"icon icon--ratingEmpty\">\n            <svg>\n                <use xlink:href=\"#icon-star\" />\n            </svg>\n        </span>\n    {{/if}}\n{{/for}}\n",
  "components/common/paginator": "<div class=\"pagination\">\n    <ul class=\"pagination-list\">\n        {{#if previous}}\n            <li class=\"pagination-item pagination-item--previous\">\n                <a class=\"pagination-link\" href=\"{{previous}}\" {{#unless reload}}data-faceted-search-facet{{/unless}}>\n                    <i class=\"icon\" aria-hidden=\"true\">\n                        <svg>\n                            <use xmlns:xlink=\"http://www.w3.org/1999/xlink\" xlink:href=\"#icon-chevron-left\"></use>\n                        </svg>\n                    </i>\n                    {{lang 'common.previous'}}\n                </a>\n            </li>\n        {{/if}}\n        {{#each links}}\n            {{#if this.number '==' ../current}}\n                <li class=\"pagination-item pagination-item--current\">\n                    <a class=\"pagination-link\" href=\"{{this.url}}\" {{#unless reload}}data-faceted-search-facet{{/unless}}>{{this.number}}</a>\n                </li>\n            {{else}}\n                <li class=\"pagination-item\">\n                    <a class=\"pagination-link\" href=\"{{this.url}}\" {{#unless reload}}data-faceted-search-facet{{/unless}}>{{this.number}}</a>\n                </li>\n            {{/if}}\n        {{/each}}\n\n        {{#if next}}\n            <li class=\"pagination-item pagination-item--next\">\n                <a class=\"pagination-link\" href=\"{{next}}\" {{#unless reload}}data-faceted-search-facet{{/unless}}>\n                    {{lang 'common.next'}}\n                    <i class=\"icon\" aria-hidden=\"true\">\n                        <svg>\n                            <use xmlns:xlink=\"http://www.w3.org/1999/xlink\" xlink:href=\"#icon-chevron-right\"></use>\n                        </svg>\n                    </i>\n                </a>\n            </li>\n        {{/if}}\n    </ul>\n</div>\n"
}