{
  "pages/backup-home": "---\r\nproducts:\r\n    new:\r\n        limit: {{theme_settings.homepage_new_products_count}}\r\n    featured:\r\n        limit: {{theme_settings.homepage_featured_products_count}}\r\n    top_sellers:\r\n        limit: {{theme_settings.homepage_top_products_count}}\r\ncarousel: {{theme_settings.homepage_show_carousel}}\r\nblog:\r\n    recent_posts:\r\n        limit: {{theme_settings.homepage_blog_posts_count}}\r\n---\r\n{{#partial \"hero\"}}\r\n    {{{region name=\"home_below_menu\"}}}\r\n    {{#if carousel}}\r\n        {{> components/carousel arrows=theme_settings.homepage_show_carousel_arrows}}\r\n    {{/if}}\r\n    {{{region name=\"home_below_carousel\"}}}\r\n{{/partial}}\r\n\r\n{{#partial \"page\"}}\r\n\r\n    {{#each shipping_messages}}\r\n        {{> components/common/alert-info message}}\r\n    {{/each}}\r\n\r\n<div class=\"main full\">\r\n    {{#if products.featured}}\r\n        {{> components/products/featured products=products.featured columns=theme_settings.homepage_featured_products_column_count}}\r\n    {{/if}}\r\n    {{{region name=\"home_below_featured_products\"}}}\r\n\r\n    {{#if products.top_sellers}}\r\n        {{> components/products/top products=products.top_sellers columns=theme_settings.homepage_top_products_column_count}}\r\n    {{/if}}\r\n    {{{region name=\"home_below_top_products\"}}}\r\n\r\n    {{#if products.new}}\r\n        {{> components/products/new products=products.new columns=theme_settings.homepage_new_products_column_count}}\r\n    {{/if}}\r\n    {{{region name=\"home_below_new_products\"}}}\r\n</div>\r\n{{/partial}}\r\n{{> layout/base}}\r\n",
  "components/carousel": "<section class=\"heroCarousel\"\r\n    data-slick='{\r\n        \"arrows\": {{arrows}},\r\n        \"mobileFirst\": true,\r\n        \"slidesToShow\": 1,\r\n        \"slidesToScroll\": 1,\r\n        \"autoplay\": true,\r\n        \"autoplaySpeed\": {{carousel.swap_frequency}},\r\n        \"lazyLoad\": \"anticipated\"\r\n    }'>\r\n    \r\n    \r\n    \r\n     \r\n    \r\n    {{#each carousel.slides}}\r\n    <a href=\"{{url}}\">\r\n        <div class=\"heroCarousel-slide {{#if ../theme_settings.homepage_stretch_carousel_images}}stretch{{/if}} {{#if @first}}heroCarousel-slide--first{{/if}}\">\r\n            <div class=\"heroCarousel-image-wrapper\" {{#and image_height image_width}}style=\"height: {{multiply (divide image_height image_width) 100}}vw\"{{/and}}>\r\n            {{#if @first}}\r\n                {{> components/common/responsive-img\r\n                    image=stencil_image\r\n                    class=\"heroCarousel-image\"\r\n                    fallback_size='1280w'\r\n                    lazyload='disabled'\r\n                }}\r\n            {{else}}\r\n                {{> components/common/responsive-img\r\n                    image=stencil_image\r\n                    class=\"heroCarousel-image\"\r\n                    fallback_size='1280w'\r\n                    lazyload='lazyload'\r\n                }}\r\n            {{/if}}\r\n            </div>\r\n            {{#if heading}}\r\n                {{> components/carousel-content show_background=true}}\r\n            {{else}}\r\n                {{#if text}}\r\n                    {{> components/carousel-content show_background=true}}\r\n                {{else}}\r\n                    {{#if button_text}}\r\n                        {{> components/carousel-content show_background=false}}\r\n                    {{/if}}\r\n                {{/if}}\r\n            {{/if}}\r\n        </div>\r\n    </a>\r\n    {{/each}}\r\n    \r\n    \r\n    <a href=\"/#/\">\r\n        <div class=\"heroCarousel-slide {{#if ../theme_settings.homepage_stretch_carousel_images}}stretch{{/if}} {{#if @first}}heroCarousel-slide--first{{/if}}\">\r\n            <div class=\"heroCarousel-image-wrapper\" {{#and image_height image_width}}style=\"height: {{multiply (divide image_height image_width) 100}}vw\"{{/and}}>\r\n            <img src=\"https://cdn11.bigcommerce.com/s-bek4r4rsz5/product_images/uploaded_images/bannerad-app.jpg\" alt=\"\" />\r\n            </div>\r\n        </div>\r\n    </a>\r\n    \r\n     <a href=\"/#/\">\r\n        <div class=\"heroCarousel-slide {{#if ../theme_settings.homepage_stretch_carousel_images}}stretch{{/if}} {{#if @first}}heroCarousel-slide--first{{/if}}\">\r\n            <div class=\"heroCarousel-image-wrapper\" {{#and image_height image_width}}style=\"height: {{multiply (divide image_height image_width) 100}}vw\"{{/and}}>\r\n            <img src=\"https://cdn11.bigcommerce.com/s-bek4r4rsz5/product_images/uploaded_images/bannerad-check.jpg\" alt=\"\" />\r\n            </div>\r\n        </div>\r\n    </a>\r\n    \r\n    <!--<a href=\"/#/\">-->\r\n    <!--    <div class=\"heroCarousel-slide {{#if ../theme_settings.homepage_stretch_carousel_images}}stretch{{/if}} {{#if @first}}heroCarousel-slide--first{{/if}}\">-->\r\n    <!--        <div class=\"heroCarousel-image-wrapper\" {{#and image_height image_width}}style=\"height: {{multiply (divide image_height image_width) 100}}vw\"{{/and}}>-->\r\n    <!--        <img src=\"https://cdn11.bigcommerce.com/s-bek4r4rsz5/product_images/uploaded_images/bannerad-mattress.jpg\" alt=\"\" />-->\r\n    <!--        </div>-->\r\n    <!--    </div>-->\r\n    <!--</a>-->\r\n    \r\n    \r\n    \r\n    <a href=\"/giftcard/\">\r\n        <div class=\"heroCarousel-slide {{#if ../theme_settings.homepage_stretch_carousel_images}}stretch{{/if}} {{#if @first}}heroCarousel-slide--first{{/if}}\">\r\n            <div class=\"heroCarousel-image-wrapper\" {{#and image_height image_width}}style=\"height: {{multiply (divide image_height image_width) 100}}vw\"{{/and}}>\r\n            <img src=\"https://cdn11.bigcommerce.com/s-bek4r4rsz5/product_images/uploaded_images/king-gift-card.png\" alt=\"\" />\r\n            </div>\r\n        </div>\r\n    </a>\r\n    \r\n    <!-- <a href=\"/giftcard/\">-->\r\n    <!--    <div class=\"heroCarousel-slide {{#if ../theme_settings.homepage_stretch_carousel_images}}stretch{{/if}} {{#if @first}}heroCarousel-slide--first{{/if}}\">-->\r\n    <!--        <div class=\"heroCarousel-image-wrapper\" {{#and image_height image_width}}style=\"height: {{multiply (divide image_height image_width) 100}}vw\"{{/and}}>-->\r\n    <!--        <img src=\"https://cdn11.bigcommerce.com/s-bek4r4rsz5/product_images/uploaded_images/kings-productpage-gift-card.jpg\" alt=\"\" />-->\r\n    <!--        </div>-->\r\n    <!--    </div>-->\r\n    <!--</a>-->\r\n    \r\n    <!--<a href=\"/bosch/\">-->\r\n    <!--    <div class=\"heroCarousel-slide {{#if ../theme_settings.homepage_stretch_carousel_images}}stretch{{/if}} {{#if @first}}heroCarousel-slide--first{{/if}}\">-->\r\n    <!--        <div class=\"heroCarousel-image-wrapper\" {{#and image_height image_width}}style=\"height: {{multiply (divide image_height image_width) 100}}vw\"{{/and}}>-->\r\n    <!--        <img src=\"https://cdn11.bigcommerce.com/s-bek4r4rsz5/product_images/uploaded_images/kings-banner-bosch.jpg\" alt=\"\" />-->\r\n    <!--        </div>-->\r\n    <!--    </div>-->\r\n    <!--</a>-->\r\n    \r\n    <a href=\"/whirlpool/\">\r\n        <div class=\"heroCarousel-slide {{#if ../theme_settings.homepage_stretch_carousel_images}}stretch{{/if}} {{#if @first}}heroCarousel-slide--first{{/if}}\">\r\n            <div class=\"heroCarousel-image-wrapper\" {{#and image_height image_width}}style=\"height: {{multiply (divide image_height image_width) 100}}vw\"{{/and}}>\r\n            <img src=\"https://cdn11.bigcommerce.com/s-bek4r4rsz5/product_images/theme_images/Kings_Banner-Whirlpool.png\" alt=\"\" />\r\n            </div>\r\n        </div>\r\n    </a>\r\n    \r\n     <a href=\"/lg/\">\r\n        <div class=\"heroCarousel-slide {{#if ../theme_settings.homepage_stretch_carousel_images}}stretch{{/if}} {{#if @first}}heroCarousel-slide--first{{/if}}\">\r\n            <div class=\"heroCarousel-image-wrapper\" {{#and image_height image_width}}style=\"height: {{multiply (divide image_height image_width) 100}}vw\"{{/and}}>\r\n            <img src=\"https://cdn11.bigcommerce.com/s-bek4r4rsz5/product_images/theme_images/Kings_Banner-LG.png\" alt=\"\" />\r\n            </div>\r\n        </div>\r\n    </a>\r\n    \r\n        \r\n    <a href=\"/maytag/\">\r\n        <div class=\"heroCarousel-slide {{#if ../theme_settings.homepage_stretch_carousel_images}}stretch{{/if}} {{#if @first}}heroCarousel-slide--first{{/if}}\">\r\n            <div class=\"heroCarousel-image-wrapper\" {{#and image_height image_width}}style=\"height: {{multiply (divide image_height image_width) 100}}vw\"{{/and}}>\r\n            <img src=\"https://cdn11.bigcommerce.com/s-bek4r4rsz5/product_images/uploaded_images/kings-banner-maytag.jpg\" alt=\"\" />\r\n            </div>\r\n        </div>\r\n    </a>\r\n    \r\n     <a href=\"/hisense/\">\r\n        <div class=\"heroCarousel-slide {{#if ../theme_settings.homepage_stretch_carousel_images}}stretch{{/if}} {{#if @first}}heroCarousel-slide--first{{/if}}\">\r\n            <div class=\"heroCarousel-image-wrapper\" {{#and image_height image_width}}style=\"height: {{multiply (divide image_height image_width) 100}}vw\"{{/and}}>\r\n            <img src=\"{{cdn 'assets/img/hisense/Hisense-banner.png'}}\" alt=\"\" />\r\n            </div>\r\n        </div>\r\n    </a>\r\n    \r\n    \r\n    \r\n    \r\n\r\n</section>\r\n",
  "components/common/alert-info": "<div class=\"alertBox alertBox--info\">\n    <div class=\"alertBox-column alertBox-icon\">\n        <icon glyph=\"ic-success\" class=\"icon\" aria-hidden=\"true\"><svg xmlns=\"http://www.w3.org/2000/svg\" width=\"24\" height=\"24\" viewBox=\"0 0 24 24\"><path d=\"M12 2C6.48 2 2 6.48 2 12s4.48 10 10 10 10-4.48 10-10S17.52 2 12 2zm1 15h-2v-2h2v2zm0-4h-2V7h2v6z\"></path></svg></icon>\n    </div>\n    <p class=\"alertBox-column alertBox-message\">\n        <span>{{{this}}}</span>\n    </p>\n</div>\n",
  "components/products/featured": "<h2 class=\"page-heading\">{{lang 'products.featured' }}</h2>\n\n<ul class=\"productGrid productGrid--maxCol{{ columns }}\" data-product-type=\"featured\" {{#if settings.data_tag_enabled}} data-list-name=\"Featured Products\" {{/if}}>\n    {{#each products}}\n        <li class=\"product\">\n                {{>components/products/card settings=../settings theme_settings=../theme_settings customer=../customer event=\"list\" position=(add @index 1)}}\n        </li>\n    {{/each}}\n</ul>\n",
  "components/products/top": "<h2 class=\"page-heading\">{{lang 'products.top' }}</h2>\n\n<ul class=\"productGrid productGrid--maxCol{{ columns }}\" data-product-type=\"top_sellers\"  {{#if settings.data_tag_enabled}} data-list-name=\"Most Popular Products\" {{/if}}>\n{{#each products}}\n<li class=\"product\">\n    {{>components/products/card settings=../settings theme_settings=../theme_settings customer=../customer event=\"list\" position=(add @index 1)}}\n</li>\n{{/each}}\n</ul>\n",
  "components/products/new": "<h2 class=\"page-heading\">{{lang 'products.new' }}</h2>\n{{#if settings.data_tag_enabled}}\n    {{> components/products/carousel products=products list=\"New Products\"}}\n{{else}}\n    {{> components/products/carousel products=products}}\n{{/if}}\n",
  "layout/base": "<!DOCTYPE html>\n<html class=\"no-js\" lang=\"{{ locale_name }}\">\n    <head>\n      <link rel=\"stylesheet\" type=\"text/css\" href=\"slick/slick.css\"/>\n<link rel=\"stylesheet\" href=\"https://cdnjs.cloudflare.com/ajax/libs/slick-carousel/1.8.1/slick.css\" integrity=\"sha512-wR4oNhLBHf7smjy0K4oqzdWumd+r5/+6QO/vDda76MW5iug4PT7v86FoEkySIJft3XA0Ae6axhIvHrqwm793Nw==\" crossorigin=\"anonymous\" referrerpolicy=\"no-referrer\" />\n        <title>{{ head.title }}</title>\n        {{{ resourceHints }}}\n        {{{ head.meta_tags }}}\n        {{{ head.config }}}\n        {{#block \"head\"}} {{/block}}\n\n        <link href=\"{{ head.favicon }}\" rel=\"shortcut icon\">\n        <meta name=\"viewport\" content=\"width=device-width, initial-scale=1, maximum-scale=1\">\n<link href=\"https://fonts.googleapis.com/icon?family=Material+Icons\"\n      rel=\"stylesheet\">\n      <link rel=\"stylesheet\" href=\"https://cdnjs.cloudflare.com/ajax/libs/font-awesome/4.7.0/css/font-awesome.min.css\">\n        <script>\n            {{!-- Change document class from no-js to js so we can detect this in css --}}\n            document.documentElement.className = document.documentElement.className.replace('no-js', 'js');\n        </script>\n        {{!-- Load Lazysizes script ASAP so images will appear --}}\n        <script>\n            {{!-- Only load visible elements until the onload event fires, after which preload nearby elements. --}}\n            window.lazySizesConfig = window.lazySizesConfig || {};\n            window.lazySizesConfig.loadMode = 1;\n        </script>\n        <script async src=\"{{cdn 'assets/dist/theme-bundle.head_async.js'}}\"></script>\n\n        {{ getFontsCollection }}\n        {{{stylesheet '/assets/css/theme.css'}}}\n\n        {{{head.scripts}}}\n  \n        {{~inject 'themeSettings' theme_settings}}\n        {{~inject 'genericError' (lang 'common.generic_error')}}\n        {{~inject 'maintenanceMode' settings.maintenance}}\n        {{~inject 'urls' urls}}\n        {{~inject 'secureBaseUrl' settings.secure_base_url}}\n        {{~inject 'cartId' cart_id}}\n        {{~inject 'template' template}}\n    </head>\n    <body>\n        <svg data-src=\"{{cdn 'img/icon-sprite.svg'}}\" class=\"icons-svg-sprite\"></svg>\n    \n        {{> components/common/header }}\n        {{> components/common/body }}\n\n\n\n        {{> components/common/footer }}\n<button onclick=\"topFunction()\" id=\"myBtn\" title=\"Go to top\"><span class=\"material-icons\">\narrow_upward\n</span>\n\n</button>\n<script>// When the user scrolls down 20px from the top of the document, show the button\nwindow.onscroll = function() {\n  scrollFunction()\n};\n            \nvar navbar = document.getElementById(\"stick-navbar\");\nvar sticky = navbar.offsetTop;\n            \nfunction scrollFunction() {\n  if (document.body.scrollTop > 300 || document.documentElement.scrollTop > 300) {\n    document.getElementById(\"myBtn\").style.display = \"block\";\n    navbar.classList.add(\"sticky\")\n  } else {\n    document.getElementById(\"myBtn\").style.display = \"none\";\n    navbar.classList.remove(\"sticky\");\n  }\n}\n\n// When the user clicks on the button, scroll to the top of the document\nfunction topFunction() {\n  document.body.scrollTop = 0;\n  document.documentElement.scrollTop = 0;\n}</script>\n        <script>window.__webpack_public_path__ = \"{{cdn 'assets/dist/'}}\";</script>\n        <script src=\"{{cdn 'assets/dist/theme-bundle.main.js'}}\"></script>\n        <script>\n            {{!-- Exported in app.js --}}\n            window.stencilBootstrap(\"{{page_type}}\", {{jsContext}}).load();\n        </script>\n\n        {{{footer.scripts}}}\n    </body>\n</html>\n",
  "components/common/responsive-img": "{{!--\nThis file implements the lazysizes srcset pattern (as seen on\nhttps://github.com/aFarkas/lazysizes#modern-transparent-srcset-pattern) for maximum performance on modern browsers\nand reasonable compatibility with legacy browsers.\n\nThere are a few important arguments to know about when using this component:\n`lazyload`:\n    - If set to 'lazyload+lqip', will load a low-res image which will be replaced by lazysizes - ensuring that SOME\n    content is shown immediately on page load. Without LQIP, a transparent gif will be used instead, which reduces\n    the number of requests needed to load the page, making it even faster.\n    - If set to 'lazyload', the browser will not load the full-size image at first, instead the lazysizes plugin will\n        load it progressively after page load. This improves the load speed of the page, but it should be disabled for\n        high-priority above-the-fold images.\n    - If set to 'disabled', will not attempt to lazyload the image and instead tell the browser to load it immediately.\n        Use this for high-priority images that are above the fold.\n\n`fallback_size`:\n    This is the size to use for this image in legacy browsers that do not support srcset.\n    Can be defined as a pixel bounding-box size (e.g. \"123x123) or inherent width (e.g. \"123w\").\n\n`class`:\n    The CSS classes to add to the image, e.g. \"card-image\". If lazyloading is enabled, all images will have the\n    \"lazyload\" class so that lazysizes will target them automatically.\n\n`otherAttributes`:\n    Any other HTML attributes you want on the img tag, for example \"height='100' width='100'\"\n\n`default_image`:\n    The default image to use if `image` is undefined or falsy. Should be a theme asset, usually defined as a relative\n    path in the theme config. If a default image is not provided, you'll get an image tag with no image if the primary\n    image is undefined.\n\n`lqip_size`:\n    If you want to specify a particular size for the LQIP image, you can do so with this argument. A default of 80\n    pixels wide will be used otherwise. This argument has no effect if the lazyload mode is not \"lazyload+lqip\".\n\n--}}\n<img {{#if image}}{{!-- Get the default image for legacy browsers that do not support srcset\n--}}src=\"{{getImageSrcset image 1x=(default fallback_size '160w')}}\" alt=\"{{image.alt}}\" title=\"{{image.alt}}\" {{!--\n  Allow lazysizes to generate the 'sizes' attribute automatically --}}data-sizes=\"auto\"\n  {{#unless lazyload '==' 'disabled'}}\n    {{#if lazyload '==' 'lazyload+lqip'}}\n    {{!-- If we want a LQIP, include it as the default srcset (will be overwritten by lazysizes) --}}\n    srcset=\"{{getImageSrcset image 1x=(default lqip_size '1452w')}}\"\n    {{else}}\n      {{!-- If we don't want a LQIP, use a 1px transparent gif for the stand-in image\n            This requires no additional network request, so it's fast --}}\n    srcset=\"data:image/gif;base64,R0lGODlhAQABAIAAAP///wAAACH5BAEAAAAALAAAAAABAAEAAAICRAEAOw==\"\n    {{/if}}\n{{/unless}}\n{{!-- If lazyloading is disabled, just use \"srcset\". If it is not disabled, use \"data-srcset\" so lazysizes will use\n      this after page load --}}\n{{!--\nGenerate the srcset string using the default sizes defined in the helper. This will allow the browser to\npick the best-sized image based on its own understanding of how it will render the page.\n--}}\n\n\n{{#unless lazyload '==' 'disabled'}}data-{{/unless}}srcset=\"{{getImageSrcset image use_default_sizes=true }}\" \n{{else if default_image}}src=\"{{cdn default_image}}\"{{/if}}\nclass=\"{{#unless lazyload '==' 'disabled'}}lazyload{{/unless}}{{#if class}} {{class}}{{/if}}\"\n{{#if lazyload '==' 'lazyload'}}loading=\"lazy\"{{/if}}\n{{otherAttributes}} />\n",
  "components/carousel-content": "<div class=\"heroCarousel-content{{#unless show_background}} heroCarousel-content--empty{{/unless}}\">\n    <h1 class=\"heroCarousel-title\">{{{heading}}}</h1>\n    <p class=\"heroCarousel-description\">{{{text}}}</p>\n    {{#if button_text}}\n        <span class=\"heroCarousel-action button button--primary button--large\">{{button_text}}</span>\n    {{/if}}\n</div>\n",
  "components/products/card": "<article class=\"card {{#if alternate}}card--alternate{{/if}}\" {{#if settings.data_tag_enabled}} data-event-type=\"{{event}}\" data-entity-id=\"{{id}}\" data-position=\"{{position}}\" data-name=\"{{name}}\" data-product-category=\"{{#each category}}{{#if @last}}{{this}}{{else}}{{this}}, {{/if}}{{/each}}\" data-product-brand=\"{{brand.name}}\" data-product-price=\"{{#if price.with_tax}}{{price.with_tax.value}}{{else}}{{price.without_tax.value}}{{/if}}\"  {{/if}}>\n    <figure class=\"card-figure\">\n        {{#or price.non_sale_price_with_tax price.non_sale_price_without_tax}}\n            {{#if theme_settings.product_sale_badges '===' 'sash'}}\n                <div class=\"sale-flag-sash\">\n                    <span class=\"sale-text\">On Sale!</span>\n                </div>\n            {{else if theme_settings.product_sale_badges '===' 'topleft'}}\n                <div class=\"sale-flag-side\">\n                    <span class=\"sale-text\">On Sale!</span>\n                </div>\n            {{else if theme_settings.product_sale_badges '===' 'burst'}}\n                <div class=\"starwrap\">\n                    <div class=\"sale-text-burst\">On Sale!</div>\n                    <div class=\"sale-flag-star\"></div>\n                </div>\n            {{/if}}\n        {{/or}}\n        <a href=\"{{url}}\" {{#if settings.data_tag_enabled}} data-event-type=\"product-click\" {{/if}}>\n            <div class=\"card-img-container\">\n                {{> components/common/responsive-img\n                    image=image\n                    class=\"card-image\"\n                    fallback_size=theme_settings.productgallery_size\n                    lazyload=theme_settings.lazyload_mode\n                    default_image=theme_settings.default_image_product\n                }}\n            </div>\n        </a>\n\n        <figcaption class=\"card-figcaption\">\n            <div class=\"card-figcaption-body\">\n                {{#unless hide_product_quick_view}}\n                    {{#if theme_settings.show_product_quick_view}}\n                        {{#if settings.data_tag_enabled}}\n                            <a class=\"button button--small card-figcaption-button quickview\" data-event-type=\"product-click\" data-product-id=\"{{id}}\">{{lang 'products.quick_view'}}</a>\n                        {{else}}\n                            <a class=\"button button--small card-figcaption-button quickview\" data-product-id=\"{{id}}\">{{lang 'products.quick_view'}}</a>\n                        {{/if}}\n                    {{/if}}\n                {{/unless}}\n                {{#if show_compare}}\n                    <label class=\"button button--small card-figcaption-button\" for=\"compare-{{id}}\">\n                        {{lang 'products.compare'}} <input type=\"checkbox\" name=\"products[]\" value=\"{{id}}\" id=\"compare-{{id}}\" data-compare-id=\"{{id}}\">\n                    </label>\n                {{/if}}\n                {{#or customer (if theme_settings.restrict_to_login '!==' true)}}\n                    {{#if show_cart_action}}\n                        {{#if has_options}}\n                            <a href=\"{{url}}\" data-event-type=\"product-click\" class=\"button button--small card-figcaption-button\" data-product-id=\"{{id}}\">{{lang 'products.choose_options'}}</a>\n                        {{/if}}\n                        {{#if pre_order}}\n                            <a href=\"{{pre_order_add_to_cart_url}}\" data-event-type=\"product-click\" class=\"button button--small card-figcaption-button\">{{lang 'products.pre_order'}}</a>\n                        {{/if}}\n                        {{#if add_to_cart_url }}\n                            <a href=\"{{add_to_cart_url}}\" data-event-type=\"product-click\" class=\"button button--small card-figcaption-button\">{{lang 'products.add_to_cart'}}</a>\n                        {{/if}}\n                        {{#if out_of_stock_message }}\n                            <a href=\"{{url}}\" data-event-type=\"product-click\" class=\"button button--small card-figcaption-button\" data-product-id=\"{{id}}\">{{out_of_stock_message}}</a>\n                        {{/if}}\n                    {{/if}}\n                {{/or}}\n            </div>\n        </figcaption>\n    </figure>\n    <div class=\"card-body\">\n        {{#and rating show_rating}}\n            <p class=\"card-text\" data-test-info-type=\"productRating\">\n                <span class=\"rating--small\">\n                    {{> components/products/ratings rating=rating}}\n                </span>\n            </p>\n        {{/and}}\n        <div class=\"brand-div\">\n   {{#if brand.name}}\n\t\n<!--\t<img class=\"cardlogoimage\" src=\"{{cdn (concat 'img/brands/' (concat brand.name '.jpg'))}}\"  />-->\n    \n               <img class='cardlogoimage {{sku}}' src=''> \n   \n                <script>\n                   \n                        \n                    var brandName = \"{{brand.name}}\";\n                    brandNameLogo = brandName.replace(/\\s+/g, '-').toLowerCase(); \n                    $(\"img.{{sku}}\").addClass(brandNameLogo);\n                    \n          \n                    $(\".{{sku}}\").attr(\"src\", \"https://store-bek4r4rsz5.mybigcommerce.com/product_images/uploaded_images/\" + brandNameLogo + \".jpg\" );\n                    \n                   \n                  \n                  \n                   \n                </script>\n    \n    {{/if}}\n                     \n        </div>\n        <h4 class=\"card-title\">\n            <a href=\"{{url}}\" {{#if settings.data_tag_enabled}} data-event-type=\"product-click\" {{/if}}>{{name}}</a>\n        </h4>\n\n        <div class=\"card-text\" data-test-info-type=\"price\">\n            {{#or customer (if theme_settings.restrict_to_login '!==' true)}}\n                {{> components/products/price price=price}}\n            {{else}}\n                {{> components/common/login-for-pricing}}\n            {{/or}}\n        </div>\n        {{> components/products/bulk-discount-rates}}\n    </div>\n</article>\n",
  "components/products/carousel": "<section class=\"productCarousel\"\n    data-list-name=\"{{list}}\"\n    data-slick='{\n        \"dots\": true,\n        \"infinite\": false,\n        \"mobileFirst\": true,\n        \"slidesToShow\": 1,\n        \"slidesToScroll\": 1,\n        \"responsive\": [\n            {\n                \"breakpoint\": 800,\n                \"settings\": {\n                    \"slidesToShow\": {{ columns }},\n                    \"slidesToScroll\": 3               }\n            },\n            {\n                \"breakpoint\": 550,\n                \"settings\": {\n                    \"slidesToShow\": 2,\n                    \"slidesToScroll\": 2\n                }\n            },\n            {\n                \"breakpoint\": 400,\n                \"settings\": {\n                    \"slidesToShow\": 1,\n                    \"slidesToScroll\": 1\n                }\n            }\n        ]\n    }'\n>\n    {{#each products}}\n    <div class=\"productCarousel-slide\" style=\"display:flex\">\n        {{> components/products/card settings=../settings theme_settings=../theme_settings customer=../customer event=\"list\" position=(add @index 1)}}\n    </div>\n    {{/each}}\n</section>\n",
  "components/common/header": "<link rel=\"stylesheet\" href=\"https://cdnjs.cloudflare.com/ajax/libs/font-awesome/4.7.0/css/font-awesome.min.css\">\r\n<header class=\"header\" role=\"banner\">\r\n    <a href=\"#\" class=\"mobileMenu-toggle\" data-mobile-menu-toggle=\"menu\">\r\n        <span class=\"mobileMenu-toggleIcon\">Toggle menu</span>\r\n    </a>\r\n    {{> components/common/custom-navigation}}\r\n<div class=\"header-logo header-logo--{{theme_settings.logo-position}}\">\r\n    <div class=\"header-logo-section\">\r\n        <div>\r\n            {{> components/common/store-logo}}\r\n           \r\n        </div> \r\n        <div class=\"search-logo_header\">\r\n             {{> components/common/search-header}}\r\n        </div>\r\n        <div>\r\n            {{> components/common/navigation}}\r\n        </div>\r\n    </div>\r\n</div>\r\n    <div class=\"navPages-container\" id=\"menu\" data-menu>\r\n        {{> components/common/logo-navigation}}\r\n    </div>\r\n    \r\n   \r\n    \r\n<div id=\"stick-navbar\">\r\n\r\n    <div class=\"navPages-container\" id=\"menu\" data-menu>\r\n        {{> components/common/logo-navigation}}\r\n    </div>\r\n</div>\r\n    \r\n</header>\r\n<!--\r\n<div class=\"Covid-banner\">\r\n  <img src=\"https://cdn11.bigcommerce.com/s-bek4r4rsz5/product_images/uploaded_images/covid-png.png?t=1596000700&_ga=2.87819933.466510793.1595982495-2022119561.1571639426\">  <p>Due to COVID 19 product supply has dropped worldwide. If you are not seeing an item of interest please <a href=\"/locations\">contact your local King's</a> and we will be glad to help to the best of our abilities!</p>\r\n</div>\r\n-->\r\n\r\n<!--\r\n<div class=\"Promo-Banner\">\r\n<img src=\"https://cdn11.bigcommerce.com/s-bek4r4rsz5/product_images/uploaded_images/appliancenov.png?t=1605501098&_ga=2.176580389.1400343416.1605488395-2022119561.1571639426\">\r\n<div><h3>TV & APPLIANCES</h3>\r\n    <h1>BLACK FRIDAY ALL NOVEMBER!</h1>\r\n</div>\r\n<a class=\"shopNow_promoBanner\" href=\"/brands/\">Shop Now</a>\r\n</div>\r\n-->\r\n\r\n\r\n{{{region name=\"header_bottom\"}}}\r\n",
  "components/common/body": "<div class=\"body\" data-currency-code=\"{{currency_selector.active_currency_code}}\">\n    {{#block \"hero\"}} {{/block}}\n    <div class=\"container\">\n        {{#block \"page\"}} {{/block}}\n    </div>\n    {{> components/common/modal}}\n    {{> components/common/alert-modal}}\n</div>\n",
  "components/common/footer": "{{#if banners.bottom}}\r\n    {{#if settings.data_tag_enabled}}\r\n        <div class=\"banners\" data-banner-location=\"bottom\">\r\n            {{#each (limit banners.bottom_metadata 1)}}\r\n                <div class=\"banner\" data-event-type=\"promotion\" data-entity-id=\"{{this.id}}\" data-name=\"{{this.banner-name}}\" data-position=\"{{this.location}}\" data-name=\"{{this.banner-name}}\">\r\n                    <div data-event-type=\"promotion-click\">\r\n                        {{{this.content}}}\r\n                    </div>\r\n                </div>\r\n            {{/each}}\r\n        </div>\r\n    {{else}}\r\n        <div class=\"banners\" data-banner-location=\"bottom\">\r\n            <div class=\"banner\">\r\n                {{{limit banners.bottom 1}}}\r\n            </div>\r\n        </div>\r\n    {{/if}}\r\n\r\n{{/if}}\r\n\r\n<!-- for compare products  after checking the add to compare -->\r\n{{> components/products/sticky-product-compare}}\r\n<div class=\"newsletter-home-section\">\r\n \r\n{{> components/common/subscription-form}}\r\n\r\n</div>\r\n<footer class=\"footer\" role=\"contentinfo\">\r\n    <div class=\"container\">\r\n        {{#if theme_settings.social_icon_placement_bottom '!==' 'bottom_none'}}\r\n            <article class=\"footer-info-col\r\n                footer-info-col--social\r\n                footer-info-col--{{#if theme_settings.social_icon_placement_bottom '===' 'bottom_left'}}left{{else}}right{{/if}}\"\r\n                data-section-type=\"footer-webPages\">\r\n                    <h5 class=\"footer-info-heading\">{{lang 'social.connect'}}</h5>\r\n                    {{> components/common/social-links}}\r\n            </article>\r\n        {{/if}}\r\n        <section class=\"footer-info\">\r\n            <article class=\"footer-info-col footer-info-col--small\" data-section-type=\"footer-webPages\">\r\n                <h5 class=\"footer-info-heading\">Company Information</h5>\r\n                <ul class=\"footer-info-list company-info\">\r\n                  \r\n                  \r\n                    <li>\r\n                        <a href=\"/\">Home</a>\r\n                    </li>\r\n                    <li>\r\n                        <a href=\"/about-us/\">About Us</a>\r\n                    </li>\r\n                    <li>\r\n                        <a href=\"/delivery/\">Delivery</a>\r\n                    </li>\r\n                    <li>\r\n                        <a href=\"/deal-match/\">Deal Match</a>\r\n                    </li>\r\n                    <li>\r\n                        <a href=\"/faqs/\">FAQs</a>\r\n                    </li>\r\n                    <li>\r\n                        <a href=\"/terms/\">Terms of Use</a>\r\n                    </li>\r\n                    <li>\r\n                        <a href=\"/privacy/\">Privacy Policy</a>\r\n                    </li>\r\n                    <li>\r\n                        <a href=\"/product-demo/\">Demonstration</a>\r\n                    </li>\r\n                    \r\n                    \r\n                </ul>\r\n              <div class=\"logo-social\">\r\n                    <a href=\"https://www.facebook.com/greatbuysplus\" target=\"_blank\"><img src=\"{{getImage image 'thumb_size' (cdn 'assets/img/footer/fb.png')}}\"></a>\r\n                    <a href=\"https://www.youtube.com/user/KingsGreatBuysPlus\" target=\"_blank\"><img src=\"{{getImage image 'thumb_size' (cdn 'assets/img/footer/youtube.png')}}\"></a>\r\n                </div>\r\n            </article>\r\n\r\n            <article class=\"footer-info-col footer-info-col--small\" data-section-type=\"footer-categories\">\r\n                <h5 class=\"footer-info-heading\">Shop Categories</h5>\r\n                <ul class=\"footer-info-list category-name\">\r\n                    {{#each categories}}\r\n                        <li>\r\n                            <a href=\"{{url}}\">{{name}}</a>\r\n                        </li>\r\n                    {{/each}}\r\n                </ul>\r\n                  <div class=\"accredited-img\">\r\n                   <a href=\"https://www.bbb.org/us/in/evansville/profile/major-appliance-dealers/kings-great-buys-plusindiana-0482-90856#bbbseal\" target=\"_blank\"><img src=\"{{getImage image 'thumb_size' (cdn 'assets/img/footer/accredited.png')}}\"></a>\r\n                </div>\r\n            </article>\r\n\r\n\r\n            <article class=\"footer-info-col footer-info-col--small\" data-section-type=\"footer-brands\">\r\n                <h5 class=\"footer-info-heading\">Current Promotions</h5>\r\n                <ul class=\"footer-info-list\">\r\n                 \r\n                        <li>\r\n                            <a href=\"/current-ads/\">Current Ads</a>\r\n                        </li>\r\n                      <li>\r\n                            <a href=\"/rebates/\">Current Rebates</a>\r\n                        </li>\r\n                      <li>\r\n                            <a href=\"{{url}}\">Extreme Values</a>\r\n                        </li>\r\n                      <li>\r\n                            <a href=\"/financing/\">Financing</a>\r\n                        </li>\r\n                        <li>\r\n                            <a href=\"/disclaimer/\">Disclaimer</a>\r\n                        </li>\r\n\r\n                </ul>\r\n            </article>\r\n\r\n\r\n            <article class=\"footer-info-col footer-info-col--small\" data-section-type=\"storeInfo\">\r\n                <h1 class=\"footer-shop-heading\">Shop Smart.</h1>\r\n                <h1 class=\"footer-shop-heading last\">Shop Local.</h1>       \r\n                <a href=\"/rebates/\" class=\"footer-button\">SHOP NOW</a>\r\n            </article>\r\n     \r\n\r\n            \r\n        </section>\r\n\r\n       \r\n\r\n     \r\n   \r\n    </div>\r\n    \r\n      <div class=\"footer-copyright\">\r\n                <p class=\"powered-by\">&copy; {{moment format=\"YYYY\"}} {{settings.store_name}} </p>\r\n            </div>\r\n</footer>\r\n",
  "components/products/ratings": "{{#for 1 5}}\n    {{#if ../this.rating '>=' $index}}\n        <span class=\"icon icon--ratingFull\">\n            <svg>\n                <use xlink:href=\"#icon-star\" />\n            </svg>\n        </span>\n    {{else}}\n        <span class=\"icon icon--ratingEmpty\">\n            <svg>\n                <use xlink:href=\"#icon-star\" />\n            </svg>\n        </span>\n    {{/if}}\n{{/for}}\n",
  "components/common/login-for-pricing": "<p translate>Log in for pricing</p>\n",
  "components/products/price": "\r\n\r\n\r\n{{#if is_category}}\r\n        {{!-- There are 2 code paths for generating the PDP pricing HTML determined by the following #and condition. \r\n            If a 'price_range' exists then we generate all HTML in price-range.html, otherwise it is defined here. Both code\r\n            paths generate the same HTML structure with some differences in whether that element is displayed by default (css styling).\r\n            \r\n            If you are making a change here or in price-range.html, you probably want to make that change in both files. --}}\r\n                    \r\n            {{#and price.price_range (if theme_settings.price_ranges '==' true)}}\r\n                {{> components/products/price-range price=price schema_org=schema_org}}\r\n            {{else}}\r\n                {{#if price.with_tax}}\r\n                    <div class=\"price-section price-section--withTax rrp-price--withTax\" {{#unless price.rrp_with_tax}}style=\"display: none;\"{{/unless}}>\r\n                        {{theme_settings.pdp-retail-price-label}}\r\n                        <span data-product-rrp-with-tax class=\"price price--rrp\">\r\n                            {{price.rrp_with_tax.formatted}}\r\n                        </span>\r\n                    </div>\r\n                    <div class=\"price-section price-section--withTax non-sale-price--withTax\" {{#unless price.non_sale_price_with_tax}}style=\"display: none;\"{{/unless}}>\r\n                        {{theme_settings.pdp-non-sale-price-label}}\r\n                        <span data-product-non-sale-price-with-tax class=\"price price--non-sale\">\r\n                            {{price.non_sale_price_with_tax.formatted}}\r\n                        </span>\r\n                    </div>\r\n                    <div class=\"price-section price-section--withTax\" {{#if schema_org}}itemprop=\"offers\" itemscope itemtype=\"http://schema.org/Offer\"{{/if}}>\r\n                        <span class=\"price-label\" {{#if price.non_sale_price_with_tax}}style=\"display: none;\"{{/if}}>\r\n                            {{theme_settings.pdp-price-label}}\r\n                        </span>\r\n                        <span class=\"price-now-label left\" {{#unless price.non_sale_price_with_tax}}style=\"display: none;\"{{/unless}}>\r\n                            Now\r\n                        </span>\r\n                        <span data-product-price-with-tax class=\"price price--withTax right\">{{price.with_tax.formatted}}</span>\r\n                        {{#if schema_org}}\r\n                            <meta itemprop=\"availability\" itemtype=\"http://schema.org/ItemAvailability\" \r\n                                content=\"http://schema.org/{{#if product.pre_order}}PreOrder{{else if product.out_of_stock}}OutOfStock{{else if product.can_purchase '===' false}}OutOfStock{{else}}InStock{{/if}}\">\r\n                            <meta itemprop=\"itemCondition\" itemtype=\"http://schema.org/OfferItemCondition\" content=\"http://schema.org/{{product.condition}}Condition\">\r\n                            <meta itemprop=\"priceCurrency\" content=\"{{currency_selector.active_currency_code}}\">\r\n                            <meta itemprop=\"url\" content=\"{{product.url}}\">\r\n                            <div itemprop=\"priceSpecification\" itemscope itemtype=\"http://schema.org/PriceSpecification\">\r\n                                <meta itemprop=\"price\" content=\"{{price.with_tax.value}}\">\r\n                                <meta itemprop=\"priceCurrency\" content=\"{{currency_selector.active_currency_code}}\">\r\n                                <meta itemprop=\"valueAddedTaxIncluded\" content=\"true\">\r\n                            </div>\r\n                        {{/if}}\r\n                        {{#if price.without_tax}}\r\n                            <abbr title=\"{{lang 'products.including_tax'}}\">{{lang 'products.price_with_tax' tax_label=price.tax_label}}</abbr>\r\n                        {{/if}}\r\n                    </div>\r\n                {{/if}}\r\n            \r\n                {{#if price.without_tax}}\r\n            \r\n                    <div class=\"price-section price-section--withoutTax rrp-price--withoutTax{{#if price.with_tax}} price-section--minor{{/if}}\" {{#unless price.rrp_without_tax}}style=\"display: none;\"{{/unless}}>\r\n                        {{theme_settings.pdp-retail-price-label}}\r\n                        <span data-product-rrp-price-without-tax class=\"price price--rrp\"> \r\n                            {{price.rrp_without_tax.formatted}}\r\n                        </span>\r\n                    </div>\r\n            \r\n                    <div class=\"price-section price-section--withoutTax\" {{#if schema_org}}itemprop=\"offers\" itemscope itemtype=\"http://schema.org/Offer\"{{/if}}>\r\n                        <span class=\"price-label\" {{#if price.non_sale_price_without_tax}}style=\"display: none;\"{{/if}}>\r\n                            {{theme_settings.pdp-price-label}}\r\n                        </span>\r\n                    \r\n                        <div class=\"price-container-with-now\" {{#if price.saved}}{{else}} style=\"justify-content: center;\" {{/if}}>\r\n                            <div class=\"now-responsive\" style=\"display:flex;flex-direction: column;align-items: flex-start;\">\r\n                                <span class=\"price-now-label left\" {{#unless price.non_sale_price_without_tax}}style=\"display: none;\"{{/unless}}>\r\n                                    Now\r\n                                </span>\r\n                                <span data-product-price-without-tax class=\"price price--withoutTax{{#if price.with_tax}} price-section--minor{{/if}} right ptax\">{{price.without_tax.formatted}}</span>\r\n                            </div>\r\n                        <div>\r\n                            <div class=\"price-section price-section--withoutTax non-sale-price--withoutTax{{#if price.with_tax}} price-section--minor{{/if}}\" {{#unless price.non_sale_price_without_tax}}style=\"display: none;\"{{/unless}}>\r\n                                <span class=\"price left price-was was\" data-product-non-sale-price-without-tax>Was <strike>{{price.non_sale_price_without_tax.formatted}}</strike></span>\r\n                                <!-- <span data-product-non-sale-price-without-tax class=\"price price--non-sale right\">\r\n                                    \r\n                                </span> -->\r\n                            </div>\r\n                            <div class=\"price-section price-section--saving price\" {{#unless price.saved}}style=\"display: none;\"{{/unless}}>\r\n                                    <span data-product-price-saved class=\"price price--saving left price-was\">\r\n                                        Save: {{price.saved.formatted}}\r\n                                    </span>               \r\n                            </div>\r\n                        </div>\r\n                        \r\n                    </div> \r\n            \r\n            \r\n            \r\n            \r\n                        {{#if schema_org}}\r\n                            <meta itemprop=\"availability\" itemtype=\"http://schema.org/ItemAvailability\"\r\n                                content=\"http://schema.org/{{#if product.pre_order}}PreOrder{{else if product.out_of_stock}}OutOfStock{{else if product.can_purchase '===' false}}OutOfStock{{else}}InStock{{/if}}\">\r\n                            <meta itemprop=\"itemCondition\" itemtype=\"http://schema.org/OfferItemCondition\" content=\"http://schema.org/{{product.condition}}Condition\">\r\n                            <meta itemprop=\"priceCurrency\" content=\"{{currency_selector.active_currency_code}}\">\r\n                            <meta itemprop=\"url\" content=\"{{product.url}}\">\r\n                            <div itemprop=\"priceSpecification\" itemscope itemtype=\"http://schema.org/PriceSpecification\">\r\n                                <meta itemprop=\"price\" content=\"{{price.without_tax.value}}\">\r\n                                <meta itemprop=\"priceCurrency\" content=\"{{currency_selector.active_currency_code}}\">\r\n                                <meta itemprop=\"valueAddedTaxIncluded\" content=\"false\">\r\n                            </div>\r\n                        {{/if}}\r\n                        \r\n                        {{#if price.with_tax}}\r\n                            <abbr title=\"{{lang 'products.excluding_tax'}}\">{{lang 'products.price_without_tax' tax_label=price.tax_label}}</abbr>\r\n                        {{/if}}\r\n                    </div>\r\n                {{/if}}\r\n            \r\n            \r\n            \r\n            {{/and}}\r\n            <script>\r\n                    $(\".price\").each(function() {\r\n                        if($(this).html().indexOf('$999,999.00') > -1 ){\r\n                            $(this).html( $(this).html().split('$999,999.00').join('<span class=\"ask-price\">Ask for Price</span>'));\r\n                        }\r\n                    });\r\n            </script>\r\n    \r\n{{else}}\r\n{{!-- if product page shown --!}}\r\n        {{!-- There are 2 code paths for generating the PDP pricing HTML determined by the following #and condition. \r\n            If a 'price_range' exists then we generate all HTML in price-range.html, otherwise it is defined here. Both code\r\n            paths generate the same HTML structure with some differences in whether that element is displayed by default (css styling).\r\n            \r\n            If you are making a change here or in price-range.html, you probably want to make that change in both files. --}}\r\n                    \r\n            {{#and price.price_range (if theme_settings.price_ranges '==' true)}}\r\n                {{> components/products/price-range price=price schema_org=schema_org}}\r\n            {{else}}\r\n                {{#if price.with_tax}}\r\n                    <div class=\"price-section price-section--withTax rrp-price--withTax\" {{#unless price.rrp_with_tax}}style=\"display: none;\"{{/unless}}>\r\n                        {{theme_settings.pdp-retail-price-label}}\r\n                        <span data-product-rrp-with-tax class=\"price price--rrp\">\r\n                            {{price.rrp_with_tax.formatted}}\r\n                        </span>\r\n                    </div>\r\n                    <div class=\"price-section price-section--withTax non-sale-price--withTax\" {{#unless price.non_sale_price_with_tax}}style=\"display: none;\"{{/unless}}>\r\n                        {{theme_settings.pdp-non-sale-price-label}}\r\n                        <span data-product-non-sale-price-with-tax class=\"price price--non-sale\">\r\n                            {{price.non_sale_price_with_tax.formatted}}\r\n                        </span>\r\n                    </div>\r\n                    <div class=\"price-section price-section--withTax\" {{#if schema_org}}itemprop=\"offers\" itemscope itemtype=\"http://schema.org/Offer\"{{/if}} style=\"display:flex;justify-content: space-between;\">\r\n                        <span class=\"price-label\" {{#if price.non_sale_price_with_tax}}style=\"display: none;\"{{/if}}>\r\n                            {{theme_settings.pdp-price-label}}\r\n                        </span>\r\n                        <span class=\"price-now-label left\" {{#unless price.non_sale_price_with_tax}}style=\"display: none;\"{{/unless}} style=\"color:gray;\">\r\n                            Our Price:\r\n                        </span>\r\n                      \r\n                        {{#if schema_org}}\r\n                            <meta itemprop=\"availability\" itemtype=\"http://schema.org/ItemAvailability\" \r\n                                content=\"http://schema.org/{{#if product.pre_order}}PreOrder{{else if product.out_of_stock}}OutOfStock{{else if product.can_purchase '===' false}}OutOfStock{{else}}InStock{{/if}}\">\r\n                            <meta itemprop=\"itemCondition\" itemtype=\"http://schema.org/OfferItemCondition\" content=\"http://schema.org/{{product.condition}}Condition\">\r\n                            <meta itemprop=\"priceCurrency\" content=\"{{currency_selector.active_currency_code}}\">\r\n                            <meta itemprop=\"url\" content=\"{{product.url}}\">\r\n                            <div itemprop=\"priceSpecification\" itemscope itemtype=\"http://schema.org/PriceSpecification\">\r\n                                <meta itemprop=\"price\" content=\"{{price.with_tax.value}}\">\r\n                                <meta itemprop=\"priceCurrency\" content=\"{{currency_selector.active_currency_code}}\">\r\n                                <meta itemprop=\"valueAddedTaxIncluded\" content=\"true\">\r\n                            </div>\r\n                        {{/if}}\r\n                        {{#if price.without_tax}}\r\n                            <abbr title=\"{{lang 'products.including_tax'}}\">{{lang 'products.price_with_tax' tax_label=price.tax_label}}</abbr>\r\n                        {{/if}}\r\n                        <span data-product-price-with-tax class=\"price price--withTax right\" style=\"font-size:1.4rem;\">{{price.with_tax.formatted}}</span>\r\n                    </div>\r\n                {{/if}}\r\n            \r\n                {{#if price.without_tax}}\r\n                    <div class=\"price-section price-section--withoutTax rrp-price--withoutTax{{#if price.with_tax}} price-section--minor{{/if}}\" {{#unless price.rrp_without_tax}}style=\"display: none;\"{{/unless}}>\r\n                        {{theme_settings.pdp-retail-price-label}}\r\n                        <span data-product-rrp-price-without-tax class=\"price price--rrp\"> \r\n                            {{price.rrp_without_tax.formatted}}\r\n                        </span>\r\n                    </div>\r\n                    <div class=\"price-section price-section--withoutTax non-sale-price--withoutTax{{#if price.with_tax}} price-section--minor{{/if}}\" {{#unless price.non_sale_price_without_tax}}style=\"display: none;\"{{/unless}} style=\"display:flex;justify-content: space-between; align-items: center;width:100%;\">\r\n                        <span class=\"price price--non-sale left\" style=\"text-decoration: none;\">Regular Price: </span>\r\n                        <span data-product-non-sale-price-without-tax class=\"price price--non-sale right\">\r\n                            {{price.non_sale_price_without_tax.formatted}}\r\n                        </span>\r\n                    </div>\r\n               \r\n                    <div class=\"price-section price-section--withoutTax\" {{#if schema_org}}itemprop=\"offers\" itemscope itemtype=\"http://schema.org/Offer\"{{/if}} style=\"display:flex;justify-content: space-between; align-items: center;width:100%;\">\r\n                        <span class=\"price-label\" {{#if price.non_sale_price_without_tax}}style=\"display: none;\"{{/if}}>\r\n                            {{theme_settings.pdp-price-label}}\r\n                        </span>\r\n                        <span class=\"price-now-label left\" {{#unless price.non_sale_price_without_tax}}style=\"display: none;\"{{/unless}} style=\"color:gray\">\r\n                            Our Price:\r\n                        </span>\r\n                       \r\n                        {{#if schema_org}}\r\n                            <meta itemprop=\"availability\" itemtype=\"http://schema.org/ItemAvailability\"\r\n                                content=\"http://schema.org/{{#if product.pre_order}}PreOrder{{else if product.out_of_stock}}OutOfStock{{else if product.can_purchase '===' false}}OutOfStock{{else}}InStock{{/if}}\">\r\n                            <meta itemprop=\"itemCondition\" itemtype=\"http://schema.org/OfferItemCondition\" content=\"http://schema.org/{{product.condition}}Condition\">\r\n                            <meta itemprop=\"priceCurrency\" content=\"{{currency_selector.active_currency_code}}\">\r\n                            <meta itemprop=\"url\" content=\"{{product.url}}\">\r\n                            <div itemprop=\"priceSpecification\" itemscope itemtype=\"http://schema.org/PriceSpecification\">\r\n                                <meta itemprop=\"price\" content=\"{{price.without_tax.value}}\">\r\n                                <meta itemprop=\"priceCurrency\" content=\"{{currency_selector.active_currency_code}}\">\r\n                                <meta itemprop=\"valueAddedTaxIncluded\" content=\"false\">\r\n                            </div>\r\n                        {{/if}}\r\n                        \r\n                        {{#if price.with_tax}}\r\n                            <abbr title=\"{{lang 'products.excluding_tax'}}\">{{lang 'products.price_without_tax' tax_label=price.tax_label}}</abbr>\r\n                        {{/if}}\r\n\r\n                        <span data-product-price-without-tax class=\"price price--withoutTax{{#if price.with_tax}} price-section--minor{{/if}} right\" style=\"font-size:1.4rem;\">{{price.without_tax.formatted}}</span>\r\n                        \r\n                            \r\n                    </div>\r\n                    <div class=\"price-section price-section--saving price\" {{#unless price.saved}}style=\"display: none;\"{{/unless}} style=\"display:flex;justify-content: space-between;align-items: center;width:100%;\">\r\n                        <!-- <span data-product-price-saved class=\"price price--saving left\" style=\"color:gray\">  -->\r\n                        <span class=\"left\" style=\"color:gray\"> \r\n                            You save:\r\n                        </span>\r\n                        <span data-product-price-saved class=\"price price--saving right\">\r\n                            {{price.saved.formatted}}\r\n                        </span>    \r\n                    </div>\r\n                {{/if}}\r\n            \r\n            \r\n            \r\n            {{/and}}\r\n            <script>\r\n                    $(\".price\").each(function() {\r\n                        if($(this).html().indexOf('$999,999.00') > -1 ){\r\n                            $(this).html( $(this).html().split('$999,999.00').join('<span class=\"ask-price\">Ask for Price</span>'));\r\n                        }\r\n                    });\r\n            </script>\r\n    \r\n{{/if}}",
  "components/products/bulk-discount-rates": "{{#if bulk_discount_rates.length}}\n    {{#if product}}<dt class=\"productView-info-name\">{{lang 'products.bulk_pricing.title'}}</dt>{{/if}}\n    <dd class=\"productView-info-value\">\n        <a href=\"{{product.url}}#bulk_pricing\"\n           {{#unless is_ajax }}data-reveal-id=\"modal-bulk-pricing\"{{/unless}}>\n            {{lang 'products.bulk_pricing.view'}}\n        </a>\n    </dd>\n    <div id=\"modal-bulk-pricing\" class=\"modal modal--small\" data-reveal>\n        <div class=\"modal-header\">\n            <h2 class=\"modal-header-title\">{{lang 'products.bulk_pricing.modal_title'}}</h2>\n            <a href=\"#\" class=\"modal-close\" aria-label=\"Close\"><span aria-hidden=\"true\">&#215;</span></a>\n        </div>\n        <div class=\"modal-body\">\n            <p>{{lang 'products.bulk_pricing.instructions'}}</p>\n            <ul>\n                {{#each bulk_discount_rates}}\n                <li>\n                    {{lang 'products.bulk_pricing.range' min=min max=max}}\n                    {{#if type '===' 'percent'}}\n                    {{lang 'products.bulk_pricing.percent' discount=discount.formatted}}\n                    {{else if type '===' 'fixed'}}\n                    {{lang 'products.bulk_pricing.fixed' discount=discount.formatted}}\n                    {{else if type '===' 'price'}}\n                    {{lang 'products.bulk_pricing.price' discount=discount.formatted}}\n                    {{/if}}\n                </li>\n                {{/each}}\n            </ul>\n        </div>\n    </div>\n{{/if}}\n",
  "components/common/custom-navigation": "<div id=\"covid101\" class=\"modalcovid101\">\r\n<!--  <span onclick=\"document.getElementById('covid101').style.display='none'\" class=\"closemodalcovid101\" title=\"Close Modal\">×</span>-->\r\n  <form class=\"modalcovid101-content\">\r\n    <div style=\"text-align:center;padding-bottom: 2%;\">\r\n      <h1 style=\"\r\n        font-weight: 700;\r\n    background-color: #d22229;\r\n    font-size: 30px;\r\n    margin: 0;\r\n    color: #fff;\r\n    padding-top: 1%;\r\n    padding-bottom: 1%;\r\n\">KINGS COVID 19 ON STOCKS NOTICE</h1>\r\n      <p style=\"\r\n    font-size: 18px;\r\n    color: #444444;\r\n    padding: 2% 3% 0 3%;\r\n\">Because of the impact of Covid-19 on the global supply chain, some items may not appear in the store or listed as out of stock. If you are not seeing an item of interest, please contact or visit a local King’s store near you and we’ll be happy to help as much as we can!</p>\r\n        <a class=\"modalcovid-button\" href=\"/locations/\">FIND A STORE</a>\r\n    \r\n\r\n    </div>\r\n  </form>\r\n</div>\r\n\r\n<script>\r\n// Get the modal\r\nvar modal = document.getElementById('covid101');\r\n\r\n// When the user clicks anywhere outside of the modal, close it\r\nwindow.onclick = function(event) {\r\n  if (event.target == modal) {\r\n    modal.style.display = \"none\";\r\n  }\r\n}\r\n</script>\r\n<nav class=\"navUser\">\r\n    {{> components/common/currency-selector}}\r\n<div class=\"header-text\">\r\n    <span>Missing some items? <button class=\"covid101button\" onclick=\"document.getElementById('covid101').style.display='block'\">Learn more about the effects of COVID-19 on our supplies here.</button></span>\r\n</div>\r\n    \r\n   \r\n\r\n\r\n    \r\n    <ul class=\"custom-nav-banner navUser-section navUser-section--alt\">\r\n        \r\n            <li class=\"navUser-item\">\r\n            <a class=\"navUser-action navUser-item--compare\" href=\"{{urls.compare}}\" data-compare-nav>{{lang 'common.compare'}} <span class=\"countPill countPill--positive countPill--alt\"></span></a>\r\n            </li>\r\n            <li class=\"navUser-item\">\r\n                <a class=\"navUser-action\" href=\"/location/\">Locations</a>\r\n            </li>\r\n            <li class=\"navUser-item\">\r\n                <a class=\"navUser-action\" href=\"/disclaimer/\">Disclaimer</a>\r\n            </li>\r\n            <li class=\"navUser-item\">\r\n                <a class=\"navUser-action\" href=\"/rebates/\">Rebates</a>\r\n            </li>\r\n            <li class=\"navUser-item\">\r\n                <a class=\"navUser-action\" href=\"/current-ads/\">Current Ads</a>\r\n            </li>\r\n            <li class=\"navUser-item\">\r\n                <a class=\"navUser-action\" href=\"/blog/\">&nbsp; Blog &nbsp;</a>\r\n            </li>\r\n            <li class=\"navUser-item\">\r\n                <a class=\"navUser-action\" href=\"/contact-us/\">Contact Us</a>\r\n            </li>\r\n\r\n    </ul>\r\n    <div class=\"dropdown dropdown--quickSearch\" id=\"quickSearch\" aria-hidden=\"true\" tabindex=\"-1\" data-prevent-quick-search-close>\r\n        {{> components/common/quick-search}}\r\n    </div>\r\n</nav>\r\n",
  "components/common/store-logo": "<a href=\"{{urls.home}}\">\n    {{#if settings.store_logo.image}}\n        {{#if theme_settings.logo_size '===' 'original'}}\n            <img class=\"header-logo-image-unknown-size\" src=\"{{getImage settings.store_logo.image 'logo_size'}}\" alt=\"{{settings.store_logo.title}}\" title=\"{{settings.store_logo.title}}\">\n        {{else}}\n            <div class=\"header-logo-image-container\">\n                <img class=\"header-logo-image\" src=\"{{getImage settings.store_logo.image 'logo_size'}}\" alt=\"{{settings.store_logo.title}}\" title=\"{{settings.store_logo.title}}\">\n            </div>\n        {{/if}}\n    {{else}}\n        <span class=\"header-logo-text\">{{settings.store_logo.title}}</span>\n    {{/if}}\n</a>\n",
  "components/common/search-header": "<form class=\"form\"  action=\"{{urls.search}}\">\r\n    <fieldset class=\"form-fieldset\">\r\n        <div class=\"form-field\">\r\n            <label class=\"form-label is-srOnly\" for=\"search_query_adv\">{{lang 'search.results.form_label'}}</label>\r\n            <div class=\"form-prefixPostfix wrap\" style=\"background-color:white;\">\r\n                <input class=\"form-input\" placeholder=\"What can we help you find?\" id=\"search_query_adv\" name=\"search_query_adv\" value=\"{{forms.search.query}}\">\r\n                <input class=\"button button--primary form-prefixPostfix-button--postfix\" type=\"submit\" value=\"\">\r\n            </div>\r\n        </div>\r\n    </fieldset>\r\n</form>\r\n",
  "components/common/navigation": "\r\n<nav class=\"navUser\">\r\n    {{> components/common/currency-selector}}\r\n    <ul class=\"navUser-section navUser-section--alt\">\r\n            <li class=\"navUser-item\">\r\n                <!-- <img src=\"{{getImage image 'thumb_size' (cdn 'assets/img/header/location.png')}}\"> -->\r\n                <a href=\"/location/\"><i class=\"fa fa-map-marker navigation_icons\" aria-hidden=\"true\"></i></a>  \r\n                <a class=\"navUser-action\" href=\"/location/\">Find a Store</a>\r\n            </li>\r\n\r\n        <li class=\"navUser-item navUser-item--account\">\r\n            <!-- <img src=\"{{getImage image 'thumb_size' (cdn 'assets/img/header/account.png')}}\"> -->\r\n                <a href=\"{{urls.account.index}}\"><i class=\"fa fa-user-circle-o navigation_icons\" aria-hidden=\"true\"></i></a>\r\n                <a class=\"navUser-action\" href=\"{{urls.account.index}}\">{{lang 'common.account'}}</a>\r\n        </li>\r\n        \r\n        <li class=\"navUser-item navUser-item--cart\">\r\n             <!-- <img src=\"{{getImage image 'thumb_size' (cdn 'assets/img/header/cart.png')}}\"> -->\r\n             <a href=\"{{urls.cart}}\"><i class=\"fa fa-shopping-cart navigation_icons\" aria-hidden=\"true\"></i></a>\r\n            <a\r\n                class=\"navUser-action\"\r\n                data-cart-preview\r\n                data-dropdown=\"cart-preview-dropdown\"\r\n                data-options=\"align:right\"\r\n                href=\"{{urls.cart}}\">\r\n                <span class=\"navUser-item-cartLabel\">{{lang 'common.cart'}}</span> <span class=\"countPill cart-quantity\"></span>\r\n            </a>\r\n            <div class=\"dropdown-menu\" id=\"cart-preview-dropdown\" data-dropdown-content aria-hidden=\"true\"></div>\r\n        </li>\r\n    </ul>\r\n    <div class=\"dropdown dropdown--quickSearch\" id=\"quickSearch\" aria-hidden=\"true\" tabindex=\"-1\" data-prevent-quick-search-close>\r\n        {{> components/common/quick-search}}\r\n    </div>\r\n</nav>\r\n",
  "components/common/logo-navigation": "\r\n\r\n<nav class=\"navPages\">\r\n    <div class=\"navPages-quickSearch\">\r\n        {{> components/common/quick-search}}\r\n    </div>\r\n    \r\n\r\n    <ul id=\"myUL\" class=\"navPages-list{{#if theme_settings.navigation_design '!==' 'simple'}} navPages-list-depth-max{{/if}}\">\r\n        {{#each categories}}\r\n                \r\n          \r\n        \r\n                \r\n            {{#if ../theme_settings.navigation_design '===' 'simple'}}\r\n             {{#all (if name '!==' 'Rebates') (if name '!==' 'Appliances') }}\r\n                <li class=\"navPages-item\">\r\n                {{> components/common/navigation-list-new}}\r\n                 </li>\r\n                  {{/all}}\r\n            {{/if}}\r\n        \r\n            {{#if ../theme_settings.navigation_design '===' 'alternate'}}\r\n             {{#all (if name '!==' 'Rebates') (if name '!==' 'Appliances') }}\r\n            <li class=\"navPages-item\">\r\n                {{> components/common/navigation-list-alternate}}\r\n                   </li>\r\n                  {{/all}}\r\n            {{/if}}\r\n        \r\n  \r\n        \r\n        {{/each}}\r\n            <li class=\"navPages-item\">\r\n                <a class=\"navPages-action has-subMenu{{#if is_active}} activePage{{/if}}\" href=\"/brands/\" style=\"white-space:nowrap;\">\r\n                    <!-- <img class=\"nav-image\" src=\"{{getImage (cdn 'img/homepage/Brands.png')}}\"  /> -->\r\n                   <span style=\"white-space:nowrap\">Brands</span>\r\n                \r\n                </a>\r\n            </li>\r\n        <li class=\"navPages-item\">\r\n                <a href=\"/deal-match/\" class=\"navPages-action has-subMenu{{#if is_active}} activePage{{/if}}\" style=\"white-space:nowrap;\">\r\n                    <!-- <img class=\"nav-image\" src=\"{{getImage (cdn 'img/homepage/deal-match.png')}}\"  /> -->\r\n                    <span style=\"white-space: nowrap;\">Deal Match</span>\r\n                   \r\n                </a>\r\n        </li>\r\n        \r\n    \r\n        \r\n        \r\n    </ul>\r\n\r\n</nav>\r\n<script type=\"text/javascript\" src=\"https://code.jquery.com/git/jquery-1.x-git.min.js\"></script>\r\n<script src=\"https://cdnjs.cloudflare.com/ajax/libs/jquery-migrate/1.2.1/jquery-migrate.min.js\" integrity=\"sha512-fDGBclS3HUysEBIKooKWFDEWWORoA20n60OwY7OSYgxGEew9s7NgDaPkj7gqQcVXnASPvZAiFW8DiytstdlGtQ==\" crossorigin=\"anonymous\" referrerpolicy=\"no-referrer\"></script>\r\n<script src=\"https://cdnjs.cloudflare.com/ajax/libs/slick-carousel/1.8.1/slick.min.js\" integrity=\"sha512-XtmMtDEcNz2j7ekrtHvOVR4iwwaD6o/FUJe6+Zq+HgcCsk3kj4uSQQR8weQ2QVj1o0Pk6PwYLohm206ZzNfubg==\" crossorigin=\"anonymous\" referrerpolicy=\"no-referrer\"></script>\r\n<script>\r\n\r\n    var slick_option = {\r\n        \"dots\": false,\r\n        \"mobileFirst\": true,\r\n        \"slidesToShow\": 5,\r\n        \"slidesToScroll\": 5,\r\n        \"autoplay\": false,\r\n\t\t\"infinite\": false\r\n    };\r\n\t\t\t\r\n\t\t\tjQuery('.gg').each(function(){\r\n\t\t\t\tjQuery(this).not('.slick-initialized').slick(slick_option);\r\n\t\t\t});\r\n\t\t\t\r\n\t\t\t\r\n\r\n\r\njQuery('.navPages-action.has-subMenu').on('hover click mousemove' , function(){\r\n\tvar _slickContainer = jQuery(this).parent().find('.gg');\r\n\t\r\n      _slickContainer[0].slick.refresh();\t \r\n    \r\n\r\n});\r\n\r\n\r\n\r\n$(window).on('resize orientationchange', function() {\r\n  $('.gg').slick('resize');\r\n});\r\n\r\n\r\n//delete element if  innerhtml of navpage is empty\r\n    var elem = document.getElementsByClassName('navPages-item');\r\n    for(let i = 0; i<=elem.length;i++){\r\n        var htmlstring = elem[i].innerHTML;\r\n        htmlstring = (htmlstring.trim) ? htmlstring.trim() : htmlstring.replace(/^\\s+/,'');\r\n        if(htmlstring == ''){\r\n            elem[i].remove();\r\n        }\r\n    }\r\n</script>",
  "components/common/modal": "<div id=\"modal\" class=\"modal\" data-reveal data-prevent-quick-search-close>\n    <a href=\"#\" class=\"modal-close\" aria-label=\"{{lang 'common.close'}}\" role=\"button\">\n        <span aria-hidden=\"true\">&#215;</span>\n    </a>\n    <div class=\"modal-content\"></div>\n    <div class=\"loadingOverlay\"></div>\n</div>\n",
  "components/common/alert-modal": "<div id=\"alert-modal\" class=\"modal modal--alert modal--small\" data-reveal data-prevent-quick-search-close>\n    <div class=\"swal2-icon swal2-error swal2-icon-show\"><span class=\"swal2-x-mark\"><span class=\"swal2-x-mark-line-left\"></span><span class=\"swal2-x-mark-line-right\"></span></span></div>\n\n    <div class=\"modal-content\"></div>\n\n    <div class=\"button-container\"><button type=\"button\" class=\"confirm button\" data-reveal-close>OK</button></div>\n</div>\n",
  "components/products/sticky-product-compare": "<div class=\"maincontainer-compare\">\r\n         <div class=\"child-container-compare\" style=\"display:none\">\r\n                  <div class=\"action\" style=\"flex-direction:column;text-align:center;border:none !important;display:none;\">\r\n                           <h4 style=\"margin-top:0;font-size:18px !important;\" id=\"h4-compare\"></h4>\r\n                           <div style=\"display:block;width:100%;\">\r\n                                    <button style=\"color:white;background-color:#d22229; padding: 18px;font-size: 17px;border-radius: 11px;\" id=\"btn-compare-now\" onclick=\"submit_url()\">COMPARE</button>\r\n                           </div>\r\n                           <div style=\"display:block;text-align:center;margin-top:20px;\">\r\n                                    <button style=\"text-decoration: underline;cursor: pointer;\" onclick=\"reset()\">\r\n                                             Clear All\r\n                                    </button>\r\n                           </div>\r\n                  </div>   \r\n         </div>     \r\n</div>\r\n<script>\r\n         //compare products\r\n         var check_count = 0;\r\n         var arr_product = new Array();\r\n                  $(document).ready(function(){\r\n                           //unchecked all checkbox after page load XD\r\n                           $('.cmp').prop('checked',false);\r\n                  });\r\n                  $('.cmp').on('change',function(){\r\n                  $('.child-container-compare').css('display','flex');\r\n                  let product_image =  $(this).parents('li.product').children().eq(0).find('img.listItem-image').attr('src');\r\n                  let product_logo_title = $(this).parents('li.product').children().eq(1).find('.cardlogoimage').attr('src');\r\n                  let product_description = $(this).parents('li.product').children().eq(1).find('.listItem-title').children().html();\r\n                  let product_price = $(this).parents('li.product').children().eq(2).find('span.ptax').html();\r\n                  let id = $(this).attr('data-compare-id');\r\n                  var html ='';\r\n                  var check_count = $('input[type=\"checkbox\"]:checked').length;\r\n                  // var actions = '<div class=\"action\" style=\"display:flex;flex-direction:column;text-align:center;border:none !important;display:none;\"><h4 style=\"margin-top:0;font-size:18px !important;\">Comparing ('+len+') Products</h4></div>';       \r\n                  // var action = '<h4 style=\"margin-top:0;font-size:18px !important;\">Comparing ('+len+') Products</h4>';\r\n                  var elem = $('.child-container-compare');\r\n                  html = '<div id=\"compare-sticky-'+id+'\" class=\"compare-sticky\" style=\"height:190px;width:240px;border:1px solid #e2e2e2;position:relative;display:flex;justify-content:center;align-items:center;padding:5px;\" class=\"children-container-compare\"><button class=\"close-button\" onclick=\"delete_parent(this)\" style=\"top:1px;right:4px;position:absolute\" delete-id=\"'+id+'\"><span class=\"fa fa-close btn btn-dark btn-close\" data-id=\"'+id+\r\n                                             '\"></span></button><div style=\"position:relative;display:block;\"><img style=\"height:100px;\" src=\"'+ product_image +'\"></div>'+\r\n                                             '<div style=\"width:150px;display:block;padding-left:15px;\"><img style=\"width:100px;\" src=\"'+product_logo_title+'\"><span style=\"-webkit-box-orient: vertical;display:-webkit-box !important;-webkit-line-clamp: 3 !important;overflow: hidden !important;\">'+\r\n                                             product_description + '</span><span style=\"position:relative;font-size:19px;top:10px\">'+ product_price + '</span></div></div>';                       \r\n                  //get element if 2 checkbox was checked   \r\n                  if(this.checked){\r\n                           arr_product.push(\"/\"+id);\r\n                           elem.prepend(html);\r\n                           if(check_count > 1){\r\n                                   $('#h4-compare').html('Comparing ('+check_count+') Products');\r\n                                   $('.action').css('display','block');\r\n                           }  \r\n                  }else{\r\n                        $('#compare-sticky-'+id).remove();\r\n                        var index_remove = arr_product.indexOf(id);\r\n                        arr_product.splice(index_remove,1);\r\n                       \r\n                        if(check_count < 2){\r\n                                    $('.action').css('display','none');\r\n                        }else{\r\n                                    $('#h4-compare').html('Comparing ('+check_count+') Products');\r\n                        }\r\n                        if(check_count == 0){\r\n                              $('.child-container-compare').css('display','none');\r\n                        }\r\n                  } \r\n         });\r\n         function delete_parent(elem){\r\n                  \r\n                  let id =    elem.getAttribute('delete-id');\r\n                  $('#compare-sticky-'+id).remove();\r\n                  var index_remove = arr_product.indexOf(id);\r\n                  arr_product.splice(index_remove,1);\r\n                  //unchecked the checkedbox\r\n                \r\n                  $('#compare-'+id).prop('checked',false);\r\n                  var check_count = $('input[type=\"checkbox\"]:checked').length;\r\n                   if(check_count < 2){\r\n                            $('.action').css('display','none');\r\n                   }else{\r\n                            $('#h4-compare').html('Comparing ('+check_count+') Products');\r\n                   }\r\n                   if(check_count == 0){\r\n                         $('.child-container-compare').css('display','none');\r\n                   }\r\n                  //uncheck the checkbox\r\n         }\r\n         function submit_url(){\r\n                  var data = arr_product.toString();\r\n                  var regex = data.replace(/,/g,\"\");\r\n                  window.location.href = \"/compare\"+regex;\r\n         }\r\n         function reset(){\r\n               $(\".cmp\").prop('checked',false);\r\n               $('.action').css('display','none');\r\n               $('.compare-sticky').remove();\r\n               check_count = $('input[type=\"checkbox\"]:checked').length;\r\n               $('.child-container-compare').css('display','none');\r\n         }\r\n</script>",
  "components/common/subscription-form": "<h5>{{lang 'newsletter.subscribe'}}</h5>\n\n\n<form class=\"form\" action=\"{{urls.subscribe.action}}\" method=\"post\">\n    <fieldset class=\"form-fieldset\">\n        <input type=\"hidden\" name=\"action\" value=\"subscribe\">\n        <input type=\"hidden\" name=\"nl_first_name\" value=\"bc\">\n        <input type=\"hidden\" name=\"check\" value=\"1\">\n        <div class=\"form-field\">\n            <label class=\"form-label is-srOnly\" for=\"nl_email\">{{lang 'common.email_address'}}</label>\n            <div class=\"form-prefixPostfix wrap\">\n                <input class=\"form-input\" id=\"nl_email\" name=\"nl_email\" type=\"email\" value=\"{{customer.email}}\" placeholder=\"Your Email\">\n                <input class=\"button button--primary form-prefixPostfix-button--postfix\" type=\"submit\" value=\"{{lang 'newsletter.subscribe_submit'}}\">\n            </div>\n            {{#if settings.show_newsletter_summary }}\n                <div class=\"footer-newsletter-summary\">{{settings.newsletter_summary}}</div>\n            {{/if}}\n        </div>\n    </fieldset>\n</form>\n",
  "components/common/social-links": "{{#if social_media}}\n    <ul class=\"socialLinks socialLinks--alt\">\n        {{#each social_media}}\n            <li class=\"socialLinks-item\">\n                <a class=\"icon icon--{{display_name}}\" href=\"{{url}}\" target=\"_blank\">\n                    <svg><use xlink:href=\"#icon-{{display_name}}\" /></svg>\n                </a>\n            </li>\n        {{/each}}\n    </ul>\n{{/if}}\n",
  "components/products/price-range": "{{#and price.retail_price_range.min.with_tax price.retail_price_range.max.with_tax}}\n    <div class=\"price-section price-section--withTax rrp-price--withTax\">\n        {{theme_settings.pdp-retail-price-label}}\n        <span data-product-rrp-price-with-tax class=\"price price--rrp\">{{price.retail_price_range.min.with_tax.formatted}} - {{price.retail_price_range.max.with_tax.formatted}}</span>\n    </div>\n{{else}}\n    {{#if price.with_tax}}\n        <div class=\"price-section price-section--withTax rrp-price--withTax\">\n            {{theme_settings.pdp-retail-price-label}}\n            <span data-product-rrp-with-tax class=\"price price--rrp\">\n                {{price.rrp_with_tax.formatted}}\n            </span>\n        </div>\n    {{/if}}\n{{/and}}\n{{#and price.price_range.min.with_tax price.price_range.max.with_tax}}\n    {{!-- Never display the \"non-sales price\" if there is a price range to be shown, but we do want the element on the page --}}\n    <div class=\"price-section price-section--withTax non-sale-price--withTax\">\n        {{theme_settings.pdp-non-sale-price-label}}\n        <span data-product-non-sale-price-with-tax class=\"price price--non-sale\">\n            {{price.non_sale_price_with_tax.formatted}}\n        </span>\n    </div>\n    <div class=\"price-section price-section--withTax\" {{#if schema_org}}itemprop=\"offers\" itemscope itemtype=\"http://schema.org/Offer\"{{/if}}>\n        <span class=\"price-label\">{{theme_settings.pdp-price-label}}</span>\n        <span class=\"price-now-label\">{{theme_settings.pdp-sale-price-label}}</span>\n        <span data-product-price-with-tax class=\"price price--withTax\">{{price.price_range.min.with_tax.formatted}} - {{price.price_range.max.with_tax.formatted}}</span>\n        {{#and price.price_range.min.without_tax price.price_range.max.without_tax}}\n            <abbr title=\"{{lang 'products.including_tax'}}\">{{lang 'products.price_with_tax' tax_label=price.price_range.min.tax_label}}</abbr>\n        {{/and}}\n        {{#if schema_org}}\n            <meta itemprop=\"availability\" itemtype=\"http://schema.org/ItemAvailability\"\n                    content=\"http://schema.org/{{#if product.pre_order}}PreOrder{{else if product.out_of_stock}}OutOfStock{{else if product.can_purchase '===' false}}OutOfStock{{else}}InStock{{/if}}\">\n            <meta itemprop=\"itemCondition\" itemtype=\"http://schema.org/OfferItemCondition\" content=\"http://schema.org/{{product.condition}}Condition\">\n            <meta itemprop=\"priceCurrency\" content=\"{{currency_selector.active_currency_code}}\">\n            <meta itemprop=\"url\" content=\"{{product.url}}\">\n            <div itemprop=\"priceSpecification\" itemscope itemtype=\"http://schema.org/PriceSpecification\">\n                <meta itemprop=\"minPrice\" content=\"{{price_range.min.with_tax.value}}\"  />\n                <meta itemprop=\"price\" content=\"{{price_range.min.with_tax.value}}\">\n                <meta itemprop=\"maxPrice\" content=\"{{price_range.max.with_tax.value}}\"  />\n                <meta itemprop=\"priceCurrency\" content=\"{{currency_selector.active_currency_code}}\">\n                <meta itemprop=\"valueAddedTaxIncluded\" content=\"true\">\n            </div>\n        {{/if}}\n    </div>\n{{/and}}\n{{#and price.retail_price_range.min.without_tax price.retail_price_range.max.without_tax}}\n    <div class=\"price-section price-section--withoutTax rrp-price--withoutTax{{#if price.with_tax}} price-section--minor{{/if}}\">\n        {{theme_settings.pdp-retail-price-label}}\n        <span data-product-rrp-price-without-tax class=\"price price--rrp\">{{price.retail_price_range.min.without_tax.formatted}} - {{price.retail_price_range.max.without_tax.formatted}}</span>\n    </div>\n{{else}}\n    {{#if price.without_tax}}\n        <div class=\"price-section price-section--withoutTax rrp-price--withoutTax{{#if price.with_tax}} price-section--minor{{/if}}\">\n            {{theme_settings.pdp-retail-price-label}}\n            <span data-product-rrp-price-without-tax class=\"price price--rrp\">\n                {{price.rrp_without_tax.formatted}}\n            </span>\n        </div>\n    {{/if}}\n{{/and}}\n{{#and price.price_range.min.without_tax price.price_range.max.without_tax}}\n    {{!-- Never display the \"non-sales price\" if there is a price range to be shown, but we do want the element on the page --}}\n    <div class=\"price-section price-section--withoutTax non-sale-price--withoutTax{{#if price.with_tax}} price-section--minor{{/if}}\">\n        {{theme_settings.pdp-non-sale-price-label}}\n        <span data-product-non-sale-price-without-tax class=\"price price--non-sale\">\n            {{price.non_sale_price_without_tax.formatted}}\n        </span>\n    </div>\n    <div class=\"price-section price-section--withoutTax{{#and price_range.min.with_tax price_range.max.with_tax}} price-section--minor{{/and}}\" {{#if schema_org}}itemprop=\"offers\" itemscope itemtype=\"http://schema.org/Offer\"{{/if}}>\n        <span class=\"price-label\">{{theme_settings.pdp-price-label}}</span>\n        <span class=\"price-now-label\">{{theme_settings.pdp-sale-price-label}}</span>\n        <span data-product-price-without-tax class=\"price price--withoutTax\">{{price.price_range.min.without_tax.formatted}} - {{price.price_range.max.without_tax.formatted}}</span>\n        {{#and price.price_range.min.with_tax price.price_range.max.with_tax}}\n            <abbr title=\"{{lang 'products.excluding_tax'}}\">{{lang 'products.price_without_tax' tax_label=price.price_range.min.tax_label}}</abbr>\n        {{/and}}\n        {{#if schema_org}}\n            <meta itemprop=\"availability\" itemtype=\"http://schema.org/ItemAvailability\"\n                    content=\"http://schema.org/{{#if product.pre_order}}PreOrder{{else if product.out_of_stock}}OutOfStock{{else if product.can_purchase '===' false}}OutOfStock{{else}}InStock{{/if}}\">\n            <meta itemprop=\"itemCondition\" itemtype=\"http://schema.org/OfferItemCondition\" content=\"http://schema.org/{{product.condition}}Condition\">\n            <meta itemprop=\"priceCurrency\" content=\"{{currency_selector.active_currency_code}}\">\n            <meta itemprop=\"url\" content=\"{{product.url}}\">\n            <div itemprop=\"priceSpecification\" itemscope itemtype=\"http://schema.org/PriceSpecification\">\n                <meta itemprop=\"minPrice\" content=\"{{price.price_range.min.without_tax.value}}\"  />\n                <meta itemprop=\"price\" content=\"{{price.price_range.min.without_tax.value}}\">\n                <meta itemprop=\"maxPrice\" content=\"{{price.price_range.max.without_tax.value}}\"  />\n                <meta itemprop=\"priceCurrency\" content=\"{{currency_selector.active_currency_code}}\">\n                <meta itemprop=\"valueAddedTaxIncluded\" content=\"false\">\n            </div>\n        {{/if}}\n    </div>\n{{/and}}\n\n{{!-- Never display the \"saving price\" element by default if there is a price range on the page to be shown --}}\n{{#if page_type '===' 'product'}}\n     <div class=\"price-section price-section--saving price\">\n            <span class=\"price\">{{lang 'products.you_save_opening_text'}}</span>\n            <span data-product-price-saved class=\"price price--saving\">\n                {{price.saved.formatted}}\n            </span>\n            <span class=\"price\">{{lang 'products.you_save_closing_bracket'}}</span>\n     </div>\n{{/if}}\n",
  "components/common/currency-selector": "{{#if currency_selector.currencies.length '>' 1}}\n<ul class=\"navUser-section\">\n    <li class=\"navUser-item\">\n        <a class=\"navUser-action navUser-action--currencySelector has-dropdown\" href=\"#\" data-dropdown=\"currencySelection\" aria-controls=\"currencySelection\" aria-expanded=\"false\">{{lang 'common.currency' code=currency_selector.active_currency_code}} <i class=\"icon\" aria-hidden=\"true\"><svg><use xlink:href=\"#icon-chevron-down\" /></svg></i></a>\n        <ul class=\"dropdown-menu\" id=\"currencySelection\" data-dropdown-content aria-hidden=\"true\" tabindex=\"-1\">\n            {{#each currency_selector.currencies}}\n            <li class=\"dropdown-menu-item\">\n                <a href=\"{{{switch_url}}}\">\n                    {{#if is_active}}\n                    <strong>{{name}}</strong>\n                    {{else}}\n                    {{name}}\n                    {{/if}}\n                </a>\n            </li>\n            {{/each}}\n        </ul>\n    </li>\n</ul>\n{{/if}}\n",
  "components/common/quick-search": "<div class=\"container\">\n    <form class=\"form\" action=\"{{urls.search}}\">\n        <fieldset class=\"form-fieldset\">\n            <div class=\"form-field\">\n                <label class=\"is-srOnly\" for=\"search_query\">{{lang \"search.quick_search.input_label\"}}</label>\n                <input class=\"form-input\" data-search-quick name=\"search_query\" id=\"search_query\" data-error-message=\"{{lang 'search.error.empty_field'}}\" placeholder=\"{{lang 'search.quick_search.input_placeholder'}}\" autocomplete=\"off\">\n            </div>\n        </fieldset>\n    </form>\n    <section class=\"quickSearchResults\" data-bind=\"html: results\"></section>\n</div>\n",
  "components/common/navigation-list-new": "{{#if children}}\r\n        <a class=\"navPages-action has-subMenu{{#if is_active}} activePage{{/if}}\" href=\"{{url}}\" style=\"white-space:nowrap;\">\r\n            <!-- <img class=\"nav-image\" src=\"{{cdn (concat 'img/homepage/' (concat name '.png'))}}\"  /> -->\r\n            <span style=\"white-space: nowrap;\">{{name}}</span>\r\n            <i class=\"fa fa-chevron-down\" aria-hidden=\"true\"></i>\r\n        </a>\r\n\r\n    <div class=\"navPage-subMenu\" id=\"navPages-{{id}}\" aria-hidden=\"true\" tabindex=\"-1\">\r\n        <div class=\"navChild_name\">\r\n            <h2>{{name}}</h2>\r\n                <a class=\"navPage-subMenu-action navPages-action\" href=\"{{url}}\" style=\"margin-left:5% !important;\">SHOP ALL \r\n                    <img src=\"https://cdn11.bigcommerce.com/s-bek4r4rsz5/product_images/uploaded_images/chevron-right-solid-red-.png\">\r\n                </a>\r\n        </div> \r\n        <ul class=\"gg\">\r\n            {{#each children}}\r\n                <li>\r\n                        <a class=\"navPage-subMenu-action navPages-action{{#if is_active}} activePage{{/if}}\" href=\"{{url}}\">\r\n                            <img class=\"\" src=\"{{cdn (concat 'img/nav/' (concat  (lowercase (dashcase name)) '.png'))}}\"  />\r\n                            <span style=\"margin-left:10%;\">{{name}}</span>\r\n                        </a>\r\n                </li>\r\n            {{/each}}\r\n        </ul> \r\n    </div>\r\n{{else}}\r\n    {{#if name '==' 'Delivery Express'}}\r\n        <a href=\"/delivery-express/\" class=\"navPages-action has-subMenu{{#if is_active}} activePage{{/if}}\" style=\"white-space:nowrap;margin-right:2%;margin-left:1%;\">\r\n            <!-- <img class=\"nav-image\" src=\"{{cdn 'assets/img/homepage/delivery-express.png'}}\"  />  -->\r\n            <span style=\"white-space: nowrap;\">{{name}}</span>\r\n        </a>\r\n    {{/if}}\r\n{{/if}}\r\n\r\n\r\n",
  "components/common/navigation-list-alternate": "{{#if children}}\n    <a class=\"navPages-action navPages-action-depth-max has-subMenu is-root{{#if is_active}} activePage{{/if}}\" href=\"{{url}}\" data-collapsible=\"navPages-{{id}}\">\n        {{name}} <i class=\"icon navPages-action-moreIcon\" aria-hidden=\"true\"><svg><use xlink:href=\"#icon-chevron-down\" /></svg></i>\n    </a>\n    {{> components/common/navigation-dropdown}}\n{{else}}\n    <a class=\"navPages-action{{#if is_active}} activePage{{/if}}\" href=\"{{url}}\">{{name}}</a>\n{{/if}}\n",
  "components/common/navigation-dropdown": "<div class=\"navPage-subMenu navPage-subMenu-horizontal\" id=\"navPages-{{id}}\" aria-hidden=\"true\" tabindex=\"-1\">\n    <ul class=\"navPage-subMenu-list\">\n        <li class=\"navPage-subMenu-item-parent\">\n            <a class=\"navPage-subMenu-action navPages-action navPages-action-depth-max\" href=\"{{url}}\">{{lang 'category.view_all.name' category=name}}</a>\n        </li>\n        {{#each children}}\n            <li class=\"navPage-subMenu-item-child\">\n                {{#if children}}\n                    <a class=\"navPage-subMenu-action navPages-action navPages-action-depth-max has-subMenu{{#if is_active}} activePage{{/if}}\" href=\"{{url}}\" data-collapsible=\"navPages-{{id}}\">\n                        {{name}} <i class=\"icon navPages-action-moreIcon\" aria-hidden=\"true\"></i>\n                    </a>\n                    {{> components/common/navigation-dropdown}}\n                {{else}}\n                    <a class=\"navPage-subMenu-action navPages-action{{#if is_active}} activePage{{/if}}\" href=\"{{url}}\">{{name}}</a>\n                {{/if}}\n            </li>\n        {{/each}}\n    </ul>\n</div>\n"
}