{
  "components/brand/product-listing": "{{> components/products/filter sort=pagination.brand.sort}}\n\n<form action=\"{{urls.compare}}\" method='POST' {{#if settings.data_tag_enabled}} data-list-name=\"Brand: {{brand.name}}\" {{/if}} data-product-compare>\n    {{#if theme_settings.product_list_display_mode '===' 'grid'}}\n        {{> components/products/grid products=brand.products show_compare=brand.show_compare theme_settings=theme_settings event=\"list\"}}\n    {{else}}\n        {{> components/products/list products=brand.products show_compare=brand.show_compare theme_settings=theme_settings event=\"list\"}}\n    {{/if}}\n</form>\n\n{{> components/common/paginator pagination.brand}}\n",
  "components/products/filter": "<div style=\"width:100%;position:relative;text-align:right;padding-right:2%;\">\r\n    <span><b>View:</b></span>\r\n    <span class=\"btn listz active\" style=\"font-size:1.5rem;color:#black\"><i class=\"fa fa-list\"></i></span> \r\n    <span class=\"btn gridz\" style=\"font-size:1.5rem;color:#9a9a9a\"><i class=\"fa fa-th-large\"></i></span>\r\n</div>\r\n<form class=\"actionBar\" method=\"get\" data-sort-by>\r\n\r\n    {{> components/category/sort-box sort=sort}}\r\n</form>\r\n\r\n<script>\r\n    $(document).ready(function(){\r\n    \r\n        $('.listz').click(function(){\r\n            $(this).css('color','black');\r\n            $(this).addClass('active');\r\n            $('.gridz').removeClass('active');\r\n            $('.gridz').css('color','#9a9a9a');\r\n            $(this).css('transition','all 0.5s');\r\n            $('li.product').removeClass(\"grid-view\");\r\n        });\r\n    \r\n        $('.gridz').click(function(){\r\n            $(this).css('color','black');\r\n            $(this).addClass('active');\r\n            $('.listz').removeClass('active');\r\n            $('.listz').css('color','#9a9a9a');\r\n            $(this).css('transition','all 0.5s');\r\n            $('li.product').addClass('grid-view');\r\n           \r\n        });\r\n    });\r\n\r\n\r\n\r\n\r\n\r\n\r\n\r\n\r\n\r\n\r\n\r\n    </script>",
  "components/products/grid": "<ul class=\"productGrid\">\n    {{#each products}}\n    <li class=\"product\">\n            {{>components/products/card settings=../settings show_compare=../show_compare show_rating=../settings.show_product_rating theme_settings=../theme_settings customer=../customer event=../event position=(add @index 1)}}\n    </li>\n    {{/each}}\n</ul>\n",
  "components/products/list": "<ul class=\"productList\">\n    {{#each products}}\n      <li class=\"product\">\n        {{>components/products/list-item show_compare=../show_compare show_rating=../settings.show_product_rating theme_settings=../theme_settings customer=../customer event=../event settings=../settings position=(add @index 1)}}\n      </li>\n    {{/each}}\n</ul>\n\n<script>\n        $(\".fword\").each(function() {\n             if($(this).html().indexOf('Description') > -1 ){\n                $(this).html( $(this).html().split('Description').join('<label class=\"summary-description\"><strong>Description</strong></label><br>'));\n            }\n        });\n</script>\n",
  "components/common/paginator": "<div class=\"pagination\">\n    <ul class=\"pagination-list\">\n        {{#if previous}}\n            <li class=\"pagination-item pagination-item--previous\">\n                <a class=\"pagination-link\" href=\"{{previous}}\" {{#unless reload}}data-faceted-search-facet{{/unless}}>\n                    <i class=\"icon\" aria-hidden=\"true\">\n                        <svg>\n                            <use xmlns:xlink=\"http://www.w3.org/1999/xlink\" xlink:href=\"#icon-chevron-left\"></use>\n                        </svg>\n                    </i>\n                    {{lang 'common.previous'}}\n                </a>\n            </li>\n        {{/if}}\n        {{#each links}}\n            {{#if this.number '==' ../current}}\n                <li class=\"pagination-item pagination-item--current\">\n                    <a class=\"pagination-link\" href=\"{{this.url}}\" {{#unless reload}}data-faceted-search-facet{{/unless}}>{{this.number}}</a>\n                </li>\n            {{else}}\n                <li class=\"pagination-item\">\n                    <a class=\"pagination-link\" href=\"{{this.url}}\" {{#unless reload}}data-faceted-search-facet{{/unless}}>{{this.number}}</a>\n                </li>\n            {{/if}}\n        {{/each}}\n\n        {{#if next}}\n            <li class=\"pagination-item pagination-item--next\">\n                <a class=\"pagination-link\" href=\"{{next}}\" {{#unless reload}}data-faceted-search-facet{{/unless}}>\n                    {{lang 'common.next'}}\n                    <i class=\"icon\" aria-hidden=\"true\">\n                        <svg>\n                            <use xmlns:xlink=\"http://www.w3.org/1999/xlink\" xlink:href=\"#icon-chevron-right\"></use>\n                        </svg>\n                    </i>\n                </a>\n            </li>\n        {{/if}}\n    </ul>\n</div>\n",
  "components/category/sort-box": "<fieldset class=\"form-fieldset actionBar-section\">\r\n    <div class=\"form-field\" style=\"white-space:nowrap;\">\r\n        <label class=\"form-label\" for=\"sort\">{{lang 'common.sorter.sort_by'}}</label>\r\n        <select class=\"form-select form-select--small\" name=\"sort\" id=\"sort\">\r\n            <option value=\"featured\" {{#if sort '==' 'featured'}}selected{{/if}}>{{lang 'common.sorter.featured'}}</option>\r\n            <option value=\"newest\" {{#if sort '==' 'newest'}}selected{{/if}}>{{lang 'common.sorter.newest'}}</option>\r\n            <option value=\"bestselling\" {{#if sort '==' 'bestselling'}}selected{{/if}}>{{lang 'common.sorter.top_sellers'}}</option>\r\n            <option value=\"alphaasc\" {{#if sort '==' 'alphaasc'}}selected{{/if}}>{{lang 'common.sorter.alpha_asc'}}</option>\r\n            <option value=\"alphadesc\" {{#if sort '==' 'alphadesc'}}selected{{/if}}>{{lang 'common.sorter.alpha_desc'}}</option>\r\n            <option value=\"avgcustomerreview\" {{#if sort '==' 'avgcustomerreview'}}selected{{/if}}>{{lang 'common.sorter.reviews'}}</option>\r\n            <option value=\"priceasc\" {{#if sort '==' 'priceasc'}}selected{{/if}}>{{lang 'common.sorter.price_asc'}}</option>\r\n            <option value=\"pricedesc\" {{#if sort '==' 'pricedesc'}}selected{{/if}}>{{lang 'common.sorter.price_desc'}}</option>\r\n            {{#if result_count}}\r\n                <option value=\"relevance\" {{#if sort '==' 'relevance'}}selected{{/if}}>{{lang 'common.sorter.relevance'}}</option>\r\n            {{/if}}\r\n        </select>\r\n    </div>\r\n</fieldset>\r\n\r\n",
  "components/products/card": "<article class=\"card {{#if alternate}}card--alternate{{/if}}\" {{#if settings.data_tag_enabled}} data-event-type=\"{{event}}\" data-entity-id=\"{{id}}\" data-position=\"{{position}}\" data-name=\"{{name}}\" data-product-category=\"{{#each category}}{{#if @last}}{{this}}{{else}}{{this}}, {{/if}}{{/each}}\" data-product-brand=\"{{brand.name}}\" data-product-price=\"{{#if price.with_tax}}{{price.with_tax.value}}{{else}}{{price.without_tax.value}}{{/if}}\"  {{/if}}>\n    <figure class=\"card-figure\">\n        {{#or price.non_sale_price_with_tax price.non_sale_price_without_tax}}\n            {{#if theme_settings.product_sale_badges '===' 'sash'}}\n                <div class=\"sale-flag-sash\">\n                    <span class=\"sale-text\">On Sale!</span>\n                </div>\n            {{else if theme_settings.product_sale_badges '===' 'topleft'}}\n                <div class=\"sale-flag-side\">\n                    <span class=\"sale-text\">On Sale!</span>\n                </div>\n            {{else if theme_settings.product_sale_badges '===' 'burst'}}\n                <div class=\"starwrap\">\n                    <div class=\"sale-text-burst\">On Sale!</div>\n                    <div class=\"sale-flag-star\"></div>\n                </div>\n            {{/if}}\n        {{/or}}\n        <a href=\"{{url}}\" {{#if settings.data_tag_enabled}} data-event-type=\"product-click\" {{/if}}>\n            <div class=\"card-img-container\">\n                {{> components/common/responsive-img\n                    image=image\n                    class=\"card-image\"\n                    fallback_size=theme_settings.productgallery_size\n                    lazyload=theme_settings.lazyload_mode\n                    default_image=theme_settings.default_image_product\n                }}\n            </div>\n        </a>\n\n        <figcaption class=\"card-figcaption\">\n            <div class=\"card-figcaption-body\">\n                {{#unless hide_product_quick_view}}\n                    {{#if theme_settings.show_product_quick_view}}\n                        {{#if settings.data_tag_enabled}}\n                            <a class=\"button button--small card-figcaption-button quickview\" data-event-type=\"product-click\" data-product-id=\"{{id}}\">{{lang 'products.quick_view'}}</a>\n                        {{else}}\n                            <a class=\"button button--small card-figcaption-button quickview\" data-product-id=\"{{id}}\">{{lang 'products.quick_view'}}</a>\n                        {{/if}}\n                    {{/if}}\n                {{/unless}}\n                {{#if show_compare}}\n                    <label class=\"button button--small card-figcaption-button\" for=\"compare-{{id}}\">\n                        {{lang 'products.compare'}} <input type=\"checkbox\" name=\"products[]\" value=\"{{id}}\" id=\"compare-{{id}}\" data-compare-id=\"{{id}}\">\n                    </label>\n                {{/if}}\n                {{#or customer (if theme_settings.restrict_to_login '!==' true)}}\n                    {{#if show_cart_action}}\n                        {{#if has_options}}\n                            <a href=\"{{url}}\" data-event-type=\"product-click\" class=\"button button--small card-figcaption-button\" data-product-id=\"{{id}}\">{{lang 'products.choose_options'}}</a>\n                        {{/if}}\n                        {{#if pre_order}}\n                            <a href=\"{{pre_order_add_to_cart_url}}\" data-event-type=\"product-click\" class=\"button button--small card-figcaption-button\">{{lang 'products.pre_order'}}</a>\n                        {{/if}}\n                        {{#if add_to_cart_url }}\n                            <a href=\"{{add_to_cart_url}}\" data-event-type=\"product-click\" class=\"button button--small card-figcaption-button\">{{lang 'products.add_to_cart'}}</a>\n                        {{/if}}\n                        {{#if out_of_stock_message }}\n                            <a href=\"{{url}}\" data-event-type=\"product-click\" class=\"button button--small card-figcaption-button\" data-product-id=\"{{id}}\">{{out_of_stock_message}}</a>\n                        {{/if}}\n                    {{/if}}\n                {{/or}}\n            </div>\n        </figcaption>\n    </figure>\n    <div class=\"card-body\">\n        {{#and rating show_rating}}\n            <p class=\"card-text\" data-test-info-type=\"productRating\">\n                <span class=\"rating--small\">\n                    {{> components/products/ratings rating=rating}}\n                </span>\n            </p>\n        {{/and}}\n        <div class=\"brand-div\">\n   {{#if brand.name}}\n\t\n<!--\t<img class=\"cardlogoimage\" src=\"{{cdn (concat 'img/brands/' (concat brand.name '.jpg'))}}\"  />-->\n    \n               <img class='cardlogoimage {{sku}}' src=''> \n   \n                <script>\n                   \n                        \n                    var brandName = \"{{brand.name}}\";\n                    brandNameLogo = brandName.replace(/\\s+/g, '-').toLowerCase(); \n                    $(\"img.{{sku}}\").addClass(brandNameLogo);\n                    \n          \n                    $(\".{{sku}}\").attr(\"src\", \"https://store-bek4r4rsz5.mybigcommerce.com/product_images/uploaded_images/\" + brandNameLogo + \".jpg\" );\n                    \n                   \n                  \n                  \n                   \n                </script>\n    \n    {{/if}}\n                     \n        </div>\n        <h4 class=\"card-title\">\n            <a href=\"{{url}}\" {{#if settings.data_tag_enabled}} data-event-type=\"product-click\" {{/if}}>{{name}}</a>\n        </h4>\n\n        <div class=\"card-text\" data-test-info-type=\"price\">\n            {{#or customer (if theme_settings.restrict_to_login '!==' true)}}\n                {{> components/products/price price=price}}\n            {{else}}\n                {{> components/common/login-for-pricing}}\n            {{/or}}\n        </div>\n        {{> components/products/bulk-discount-rates}}\n    </div>\n</article>\n",
  "components/products/list-item": "{{#if settings.data_tag_enabled}}\r\n<article class=\"listItem\" data-event-type=\"{{event}}\" data-entity-id=\"{{id}}\" data-position=\"{{position}}\" data-name=\"{{name}}\" data-product-category=\"{{#each category}}{{#if @last}}{{this}}{{else}}{{this}}, {{/if}}{{/each}}\" data-product-brand=\"{{brand.name}}\" data-product-price=\"{{#if price.with_tax}}{{price.with_tax.value}}{{else}}{{price.without_tax.value}}{{/if}}\">\r\n{{else}}\r\n<!-- <article class=\"listItem\"> -->\r\n\t{{/if}}\r\n\t<figure class=\"listItem-figure\">\r\n\t\t{{> components/common/responsive-img\r\n\t\timage=image\r\n\t\tclass=\"listItem-image\"\r\n\t\tfallback_size=theme_settings.productgallery_size\r\n\t\tlazyload=theme_settings.lazyload_mode\r\n\t\tdefault_image=theme_settings.default_image_product\r\n\t\t}}\r\n\t\t<!--<a class=\"list-free-shipping\">Free Shipping</a>-->\r\n\t\t{{#unless hide_product_quick_view}}\r\n\t\t{{#if theme_settings.show_product_quick_view}}\r\n\t\t<div class=\"listItem-figureBody\">\r\n\t\t\t<a {{#if settings.data_tag_enabled}} data-event-type=\"product-click\" {{/if}} class=\"button button--small listItem-button quickview\" data-product-id=\"{{id}}\">{{lang 'products.quick_view'}}</a>\r\n\t\t</div>\r\n\t\t{{/if}}\r\n\t\t{{/unless}}\r\n\t</figure>\r\n\t<div class=\"listItem-details\">\t\t\t\r\n                 {{#if brand.name}}\r\n\t\t\t<img  alt=\"\" class=\"cardlogoimage {{sku}} lazyload\" src=\"/product_images/uploaded_images/{{toLowerCase (dashcase brand.name)}}.jpg\">\r\n   \t\t{{/if}} \r\n\t\t<h4 class=\"listItem-title\">\r\n\t\t\t<a style=\"-webkit-box-orient: vertical;\" href=\"{{url}}\" {{#if settings.data_tag_enabled}} data-event-type=\"product-click\" {{/if}}>{{name}}</a>\r\n\t\t</h4>\r\n\t\t{{#if show_rating}}\r\n\t\t\t<p class=\"listItem-rating\">\r\n\t\t\t\t{{> components/products/ratings rating=rating}}\r\n\t\t\t</p>\r\n\t\t{{/if}}\r\n\t\t<p style=\"color:#757575;margin-bottom:.3rem;\">\r\n\t\t\t<strong>{{sku}}</strong>\r\n\t\t</p>\r\n\r\n\t\t{{assignVar 'has_dimension' 0 }}\t\t\t\t\r\n\t\t{{#each custom_fields}}\r\n\t\t\t{{#inArray (split \"Height,Width,Depth\" \",\")  name }}\r\n\t\t\t\t{{#all (if (length value) '>' 0) (if (getVar 'has_dimension') '==' 0 ) }}\r\n\t\t\t\t\t<div class=\"list-summary\">\t\r\n\t\t\t\t\t<label><strong>Dimensions:</strong></label>\r\n\t\t\t\t\t\t<span class=\"fword\">\r\n\t\t\t\t\t\t{{#each ../../../custom_fields}}\r\n\t\t\t\t\t\t\t{{#inArray (split \"Height,Width,Depth\" \",\")  name }}\r\n\t\t\t\t\t\t\t\t{{#if (length value) '>' 0 }}\r\n\t\t\t\t\t\t\t\t\t{{#if (getVar 'has_dimension') '==' 1 }} x {{/if}}\t\t\r\n\t\t\t\t\t\t\t\t\t{{truncate name 1}} {{value}} in\r\n\t\t\t\t\t\t\t\t\t{{assignVar 'has_dimension' 1 }}\r\n\t\t\t\t\t\t\t\t{{/if}}\t\t\t\t \r\n\t\t\t\t\t\t\t{{/inArray}}\t\t\r\n\t\t\t\t\t\t{{/each}}\r\n\t\t\t\t\t\t</span>\r\n\t\t\t\t\t</div>\r\n\t\t\t\t\t{{assignVar 'has_dimension' 1 }}\r\n\t\t\t\t{{/all}}\t\t\t\t \r\n\t\t\t{{/inArray}}\t\t\r\n\t\t{{/each}}\r\n\t\r\n\r\n\t\t<div class=\"productView-options\">\r\n\t\t\t<div data-product-option-change style=\"display:none;\">\r\n\t\t\t\t{{#each options.name}}\r\n\t\t\t\t{{{dynamicComponent 'components/products/options'}}}\r\n\t\t\t\t{{/each}}\r\n\t\t\t</div>\r\n\t\t</div>\r\n\t\t<div class=\"list-item-below\">\r\n\t\t\t\t<div class=\"left-list-below\">\r\n\t\t\t\t\t<div>\r\n\t\t\t\t\t\t<img class=\"\" src=\"{{cdn 'assets/img/category/check.png'}}\"> Free In-Store Pickup\r\n\t\t\t\t\t</div>\r\n\t\t\t\t\t<div>\r\n\t\t\t\t\t\t<img class=\"\" src=\"{{cdn 'assets/img/category/check.png'}}\"> Free Shipping\r\n\t\t\t\t\t</div>\r\n\t\t\t\t</div>\r\n\t\t\t\t<div class=\"right-lest-below\">\r\n\t\t\t\t\t\t\t<div>\r\n\t\t\t\t\t\t\t\t<a class=\"\">Request More Info</a>\r\n\t\t\t\t\t\t\t</div>\r\n\t\t\t\t</div>\r\n\t\t\t</div>\r\n\t\t</div>\r\n\t\t\t{{#if price.without_tax.formatted '===' '$999,999.00'}}\r\n\t\t\t<div class=\"listItem-actions\">\r\n\t\t\t\t<div class=\"list-action-container\">\r\n\t\t\t\t\t<a href=\"{{add_to_wishlist_url}}\" {{#if settings.data_tag_enabled}} data-event-type=\"product-click\" {{/if}} class=\"button button--small sub-button\">{{lang 'products.wishlist'}}</a>\r\n\t\t\t\t\t{{#if show_compare}}\r\n\t\t\t\t\t<label class=\"button button--small xx\" for=\"compare-{{id}}\" style=\"padding:0 !important;\">\r\n\t\t\t\t\t\t<div style=\"display:flex;justify-content: center;align-items:center;\">\r\n\t\t\t\t\t\t\t<input class=\"cmp\" type=\"checkbox\" name=\"products[]\" value=\"{{id}}\" id=\"compare-{{id}}\" data-compare-id=\"{{id}}\" style=\"margin-right:2%;margin-top:0px;\">\r\n\t\t\t\t\t\t\t <img src=\"https://cdn11.bigcommerce.com/s-bek4r4rsz5/product_images/uploaded_images/compare-icon.png?t=1624248002&_ga=2.94277407.308044551.1624238785-624579995.1618214792\" alt=\"compare icon\" width=\"15\" style=\"margin-left:3%;\">\r\n\t\t\t\t\t\t\t<span style=\"white-space: nowrap;margin-left:7%;\">{{lang \"ADD TO COMPARE\"}}</span>\r\n\t\t\t\t\t\t</div>\r\n\t\t\t\t\t</label>\r\n\t\t\t\t\t{{/if}}\r\n\t\t\t\t</div>\r\n\t\t\t</div>\r\n\t\t\t{{else}}\r\n            \t\t{{#gt stock_level 10000}}\r\n\t\t\t<div class=\"listItem-actions\">\r\n\t\t\t\t<div class=\"list-action-container\">\r\n\t\t\t\t\t{{#or customer (if theme_settings.restrict_to_login '!==' true)}}\r\n\t\t\t\t\t\t{{#if price}}\r\n\t\t\t\t\t\t\t<div class=\"listItem-price\">{{> components/products/price price=price is_category=true}}</div>\r\n\t\t\t\t\t\t{{/if}}\r\n\t\t\t\t\t{{else}}\r\n\t\t\t\t\t\t{{> components/common/login-for-pricing}}\r\n\t\t\t\t\t{{/or}}\r\n\t\t\t\t\t{{#if show_cart_action}}\r\n\t\t\t\t\t\t{{#if has_options}}\r\n\t\t\t\t\t\t\t<a href=\"{{url}}\" {{#if settings.data_tag_enabled}} data-event-type=\"product-click\" {{/if}} class=\"button button--small\" data-product-id=\"{{id}}\" style=\"white-space: nowrap;\">{{lang 'products.choose_options'}}</a>\r\n\t\t\t\t\t\t{{/if}}\r\n\t\t\t\t\t\t{{#if add_to_cart_url }}\r\n\t\t\t\t\t\t\t<a href=\"{{add_to_cart_url}}\" {{#if settings.data_tag_enabled}} data-event-type=\"product-click\" {{/if}} class=\"button button--small\">{{lang 'products.add_to_cart'}}</a>\r\n\t\t\t\t\t\t{{/if}}\r\n\t\t\t\t\r\n\t\t\t\t\t{{/if}}\r\n\t\t\t\t\t<a href=\"{{add_to_wishlist_url}}\" {{#if settings.data_tag_enabled}} data-event-type=\"product-click\" {{/if}} class=\"button button--small sub-button\" style=\"color: #f00;background-color: #fde8e8;border:none;\">{{lang 'products.wishlist'}}</a>\r\n\t\t\t\t\t{{#if show_compare}}\r\n\t\t\t\t\t<label class=\"button button--small xx\" for=\"compare-{{id}}\" style=\"padding:0 !important;\">\r\n\t\t\t\t\t\t<div style=\"display:flex;justify-content: center;align-items:center;\">\r\n\t\t\t\t\t\t\t<input class=\"cmp\" type=\"checkbox\" name=\"products[]\" value=\"{{id}}\" id=\"compare-{{id}}\" data-compare-id=\"{{id}}\" style=\"margin-right:2%;margin-top:0px;height:0;\">\r\n\t\t\t\t\t\t\t <img src=\"https://cdn11.bigcommerce.com/s-bek4r4rsz5/product_images/uploaded_images/compare-icon.png?t=1624248002&_ga=2.94277407.308044551.1624238785-624579995.1618214792\" alt=\"compare icon\" width=\"15\" style=\"margin-left:3%;\">\r\n\t\t\t\t\t\t\t<span style=\"white-space: nowrap;margin-left:7%;\">{{lang \"ADD TO COMPARE\"}}</span>\r\n\t\t\t\t\t\t</div>\r\n\t\t\t\t\t</label>\r\n\t\t\t\t\t{{/if}}\r\n\t\t\t\t</div>\r\n\t\t\t</div>\r\n\t\t\t{{else}}\r\n\t\t\t\t<div class=\"listItem-actions\">\r\n\t\t\t\t\t<div class=\"list-action-container\">\r\n\t\t\t\t\t\t{{#or customer (if theme_settings.restrict_to_login '!==' true)}}\r\n\t\t\t\t\t\t{{#if price}}\r\n\t\t\t\t\t\t<div class=\"listItem-price\">{{> components/products/price price=price is_category=true}}</div>\r\n\t\t\t\t\t\t{{/if}}\r\n\t\t\t\t\t\t{{#if show_cart_action}}\r\n\t\t\t\t\t\t\t{{#if has_options}}\r\n\t\t\t\t\t\t\t<a href=\"{{url}}\" {{#if settings.data_tag_enabled}} data-event-type=\"product-click\" {{/if}} class=\"button button--small\" data-product-id=\"{{id}}\" style=\"white-space: nowrap;\">{{lang 'products.choose_options'}}</a>\r\n\t\t\t\t\t\t\t{{/if}}\r\n\t\t\t\t\t\t\t<!-- {{#if pre_order}}\r\n\t\t\t\t\t\t\t<a href=\"{{pre_order_add_to_cart_url}}\" data-event-type=\"product-click\" class=\"button button--small\">{{lang 'products.pre_order'}}</a>\r\n\t\t\t\t\t\t\t{{/if}} -->\r\n\t\t\t\t\t\t\t{{#if add_to_cart_url }}\r\n\t\t\t\t\t\t\t<a href=\"{{add_to_cart_url}}\" {{#if settings.data_tag_enabled}} data-event-type=\"product-click\" {{/if}} class=\"button button--small\">{{lang 'products.add_to_cart'}}</a>\r\n\t\t\t\t\t\t\t{{/if}}\r\n\t\t\t\t\t\t\t{{#if out_of_stock_message }}\r\n\t\t\t\t\t\t\t\t<a href=\"{{url}}\" data-event-type=\"product-click\" class=\"button button--small\" data-product-id=\"{{id}}\">{{out_of_stock_message}}</a>\r\n\t\t\t\t\t\t\t{{/if}}\r\n\t\t\t\t\t\t\t{{#each custom_fields }}\r\n\t\t\t\t\t\t\t\t{{#if name '==='  'Rebate IDs' }}\r\n\t\t\t\t\t\t\t\t<a href=\"{{../../url}}#rebate\" {{#if settings.data_tag_enabled}} data-event-type=\"product-click\" {{/if}} class=\"button button--small sub-button\" style=\"color: #f00;background-color: #fde8e8;border:none;\">{{lang 'products.check_rebate_available'}}</a>\r\n\t\t\t\t\t\t\t\t{{/if}}\r\n\t\t\t\t\t\t\t{{/each}}\r\n\t\t\t\t\t\t{{else}}\r\n\t\t\t\t\t\t\t<a href=\"{{add_to_wishlist_url}}\" {{#if settings.data_tag_enabled}} data-event-type=\"product-click\" {{/if}} class=\"button button--small sub-button\" style=\"color: #f00;background-color: #fde8e8;border:none;\">{{lang 'products.wishlist'}}</a>\r\n\t\t\t\t\t\t{{/if}}\r\n\t\t\t\t\t\t{{else}}\r\n\t\t\t\t\t\t{{> components/common/login-for-pricing}}SSSSSS\r\n\t\t\t\t\t\t{{/or}}\r\n\t\t\t\t\t\t{{#if show_compare}}\r\n\t\t\t\t\t\t<label class=\"button button--small xx\" for=\"compare-{{id}}\" style=\"padding:0 !important;\">\r\n\t\t\t\t\t\t\t<div style=\"display:flex;justify-content: center;align-items:center;\">\r\n\t\t\t\t\t\t\t\t<input class=\"cmp\" type=\"checkbox\" name=\"products[]\" value=\"{{id}}\" id=\"compare-{{id}}\" data-compare-id=\"{{id}}\" style=\"margin-right:2%;margin-top:0px;height:0\">\r\n\t\t\t\t\t\t\t\t<img src=\"https://cdn11.bigcommerce.com/s-bek4r4rsz5/product_images/uploaded_images/compare-icon.png?t=1624248002&_ga=2.94277407.308044551.1624238785-624579995.1618214792\" alt=\"compare icon\" width=\"15\" style=\"margin-left:3%;\">\r\n\t\t\t\t\t\t\t\t<span style=\"white-space: nowrap;margin-left:7%;\">{{lang \"ADD TO COMPARE\"}}</span>\r\n\t\t\t\t\t\t\t</div>\r\n\t\t\t\t\t\t</label>\r\n\t\t\t\t\t\t{{/if}}\r\n\t\t\t\t\t</div>\r\n\t\t\t\t</div>\r\n\t\t\t{{/gt}}\r\n\t\t\t{{/if}}\r\n\t\t<!-- </div> -->\r\n\t<!-- </div> -->\r\n<!-- </article> -->\r\n",
  "components/common/responsive-img": "{{!--\nThis file implements the lazysizes srcset pattern (as seen on\nhttps://github.com/aFarkas/lazysizes#modern-transparent-srcset-pattern) for maximum performance on modern browsers\nand reasonable compatibility with legacy browsers.\n\nThere are a few important arguments to know about when using this component:\n`lazyload`:\n    - If set to 'lazyload+lqip', will load a low-res image which will be replaced by lazysizes - ensuring that SOME\n    content is shown immediately on page load. Without LQIP, a transparent gif will be used instead, which reduces\n    the number of requests needed to load the page, making it even faster.\n    - If set to 'lazyload', the browser will not load the full-size image at first, instead the lazysizes plugin will\n        load it progressively after page load. This improves the load speed of the page, but it should be disabled for\n        high-priority above-the-fold images.\n    - If set to 'disabled', will not attempt to lazyload the image and instead tell the browser to load it immediately.\n        Use this for high-priority images that are above the fold.\n\n`fallback_size`:\n    This is the size to use for this image in legacy browsers that do not support srcset.\n    Can be defined as a pixel bounding-box size (e.g. \"123x123) or inherent width (e.g. \"123w\").\n\n`class`:\n    The CSS classes to add to the image, e.g. \"card-image\". If lazyloading is enabled, all images will have the\n    \"lazyload\" class so that lazysizes will target them automatically.\n\n`otherAttributes`:\n    Any other HTML attributes you want on the img tag, for example \"height='100' width='100'\"\n\n`default_image`:\n    The default image to use if `image` is undefined or falsy. Should be a theme asset, usually defined as a relative\n    path in the theme config. If a default image is not provided, you'll get an image tag with no image if the primary\n    image is undefined.\n\n`lqip_size`:\n    If you want to specify a particular size for the LQIP image, you can do so with this argument. A default of 80\n    pixels wide will be used otherwise. This argument has no effect if the lazyload mode is not \"lazyload+lqip\".\n\n--}}\n<img {{#if image}}{{!-- Get the default image for legacy browsers that do not support srcset\n--}}src=\"{{getImageSrcset image 1x=(default fallback_size '160w')}}\" alt=\"{{image.alt}}\" title=\"{{image.alt}}\" {{!--\n  Allow lazysizes to generate the 'sizes' attribute automatically --}}data-sizes=\"auto\"\n  {{#unless lazyload '==' 'disabled'}}\n    {{#if lazyload '==' 'lazyload+lqip'}}\n    {{!-- If we want a LQIP, include it as the default srcset (will be overwritten by lazysizes) --}}\n    srcset=\"{{getImageSrcset image 1x=(default lqip_size '1452w')}}\"\n    {{else}}\n      {{!-- If we don't want a LQIP, use a 1px transparent gif for the stand-in image\n            This requires no additional network request, so it's fast --}}\n    srcset=\"data:image/gif;base64,R0lGODlhAQABAIAAAP///wAAACH5BAEAAAAALAAAAAABAAEAAAICRAEAOw==\"\n    {{/if}}\n{{/unless}}\n{{!-- If lazyloading is disabled, just use \"srcset\". If it is not disabled, use \"data-srcset\" so lazysizes will use\n      this after page load --}}\n{{!--\nGenerate the srcset string using the default sizes defined in the helper. This will allow the browser to\npick the best-sized image based on its own understanding of how it will render the page.\n--}}\n\n\n{{#unless lazyload '==' 'disabled'}}data-{{/unless}}srcset=\"{{getImageSrcset image use_default_sizes=true }}\" \n{{else if default_image}}src=\"{{cdn default_image}}\"{{/if}}\nclass=\"{{#unless lazyload '==' 'disabled'}}lazyload{{/unless}}{{#if class}} {{class}}{{/if}}\"\n{{#if lazyload '==' 'lazyload'}}loading=\"lazy\"{{/if}}\n{{otherAttributes}} />\n",
  "components/products/ratings": "{{#for 1 5}}\n    {{#if ../this.rating '>=' $index}}\n        <span class=\"icon icon--ratingFull\">\n            <svg>\n                <use xlink:href=\"#icon-star\" />\n            </svg>\n        </span>\n    {{else}}\n        <span class=\"icon icon--ratingEmpty\">\n            <svg>\n                <use xlink:href=\"#icon-star\" />\n            </svg>\n        </span>\n    {{/if}}\n{{/for}}\n",
  "components/products/price": "\r\n\r\n\r\n{{#if is_category}}\r\n        {{!-- There are 2 code paths for generating the PDP pricing HTML determined by the following #and condition. \r\n            If a 'price_range' exists then we generate all HTML in price-range.html, otherwise it is defined here. Both code\r\n            paths generate the same HTML structure with some differences in whether that element is displayed by default (css styling).\r\n            \r\n            If you are making a change here or in price-range.html, you probably want to make that change in both files. --}}\r\n                    \r\n            {{#and price.price_range (if theme_settings.price_ranges '==' true)}}\r\n                {{> components/products/price-range price=price schema_org=schema_org}}\r\n            {{else}}\r\n                {{#if price.with_tax}}\r\n                    <div class=\"price-section price-section--withTax rrp-price--withTax\" {{#unless price.rrp_with_tax}}style=\"display: none;\"{{/unless}}>\r\n                        {{theme_settings.pdp-retail-price-label}}\r\n                        <span data-product-rrp-with-tax class=\"price price--rrp\">\r\n                            {{price.rrp_with_tax.formatted}}\r\n                        </span>\r\n                    </div>\r\n                    <div class=\"price-section price-section--withTax non-sale-price--withTax\" {{#unless price.non_sale_price_with_tax}}style=\"display: none;\"{{/unless}}>\r\n                        {{theme_settings.pdp-non-sale-price-label}}\r\n                        <span data-product-non-sale-price-with-tax class=\"price price--non-sale\">\r\n                            {{price.non_sale_price_with_tax.formatted}}\r\n                        </span>\r\n                    </div>\r\n                    <div class=\"price-section price-section--withTax\" {{#if schema_org}}itemprop=\"offers\" itemscope itemtype=\"http://schema.org/Offer\"{{/if}}>\r\n                        <span class=\"price-label\" {{#if price.non_sale_price_with_tax}}style=\"display: none;\"{{/if}}>\r\n                            {{theme_settings.pdp-price-label}}\r\n                        </span>\r\n                        <span class=\"price-now-label left\" {{#unless price.non_sale_price_with_tax}}style=\"display: none;\"{{/unless}}>\r\n                            Now\r\n                        </span>\r\n                        <span data-product-price-with-tax class=\"price price--withTax right\">{{price.with_tax.formatted}}</span>\r\n                        {{#if schema_org}}\r\n                            <meta itemprop=\"availability\" itemtype=\"http://schema.org/ItemAvailability\" \r\n                                content=\"http://schema.org/{{#if product.pre_order}}PreOrder{{else if product.out_of_stock}}OutOfStock{{else if product.can_purchase '===' false}}OutOfStock{{else}}InStock{{/if}}\">\r\n                            <meta itemprop=\"itemCondition\" itemtype=\"http://schema.org/OfferItemCondition\" content=\"http://schema.org/{{product.condition}}Condition\">\r\n                            <meta itemprop=\"priceCurrency\" content=\"{{currency_selector.active_currency_code}}\">\r\n                            <meta itemprop=\"url\" content=\"{{product.url}}\">\r\n                            <div itemprop=\"priceSpecification\" itemscope itemtype=\"http://schema.org/PriceSpecification\">\r\n                                <meta itemprop=\"price\" content=\"{{price.with_tax.value}}\">\r\n                                <meta itemprop=\"priceCurrency\" content=\"{{currency_selector.active_currency_code}}\">\r\n                                <meta itemprop=\"valueAddedTaxIncluded\" content=\"true\">\r\n                            </div>\r\n                        {{/if}}\r\n                        {{#if price.without_tax}}\r\n                            <abbr title=\"{{lang 'products.including_tax'}}\">{{lang 'products.price_with_tax' tax_label=price.tax_label}}</abbr>\r\n                        {{/if}}\r\n                    </div>\r\n                {{/if}}\r\n            \r\n                {{#if price.without_tax}}\r\n            \r\n                    <div class=\"price-section price-section--withoutTax rrp-price--withoutTax{{#if price.with_tax}} price-section--minor{{/if}}\" {{#unless price.rrp_without_tax}}style=\"display: none;\"{{/unless}}>\r\n                        {{theme_settings.pdp-retail-price-label}}\r\n                        <span data-product-rrp-price-without-tax class=\"price price--rrp\"> \r\n                            {{price.rrp_without_tax.formatted}}\r\n                        </span>\r\n                    </div>\r\n            \r\n                    <div class=\"price-section price-section--withoutTax\" {{#if schema_org}}itemprop=\"offers\" itemscope itemtype=\"http://schema.org/Offer\"{{/if}}>\r\n                        <span class=\"price-label\" {{#if price.non_sale_price_without_tax}}style=\"display: none;\"{{/if}}>\r\n                            {{theme_settings.pdp-price-label}}\r\n                        </span>\r\n                    \r\n                        <div class=\"price-container-with-now\" {{#if price.saved}}{{else}} style=\"justify-content: center;\" {{/if}}>\r\n                            <div class=\"now-responsive\" style=\"display:flex;flex-direction: column;align-items: flex-start;\">\r\n                                <span class=\"price-now-label left\" {{#unless price.non_sale_price_without_tax}}style=\"display: none;\"{{/unless}}>\r\n                                    Now\r\n                                </span>\r\n                                <span data-product-price-without-tax class=\"price price--withoutTax{{#if price.with_tax}} price-section--minor{{/if}} right ptax\">{{price.without_tax.formatted}}</span>\r\n                            </div>\r\n                        <div>\r\n                            <div class=\"price-section price-section--withoutTax non-sale-price--withoutTax{{#if price.with_tax}} price-section--minor{{/if}}\" {{#unless price.non_sale_price_without_tax}}style=\"display: none;\"{{/unless}}>\r\n                                <span class=\"price left price-was was\" data-product-non-sale-price-without-tax>Was <strike>{{price.non_sale_price_without_tax.formatted}}</strike></span>\r\n                                <!-- <span data-product-non-sale-price-without-tax class=\"price price--non-sale right\">\r\n                                    \r\n                                </span> -->\r\n                            </div>\r\n                            <div class=\"price-section price-section--saving price\" {{#unless price.saved}}style=\"display: none;\"{{/unless}}>\r\n                                    <span data-product-price-saved class=\"price price--saving left price-was\">\r\n                                        Save: {{price.saved.formatted}}\r\n                                    </span>               \r\n                            </div>\r\n                        </div>\r\n                        \r\n                    </div> \r\n            \r\n            \r\n            \r\n            \r\n                        {{#if schema_org}}\r\n                            <meta itemprop=\"availability\" itemtype=\"http://schema.org/ItemAvailability\"\r\n                                content=\"http://schema.org/{{#if product.pre_order}}PreOrder{{else if product.out_of_stock}}OutOfStock{{else if product.can_purchase '===' false}}OutOfStock{{else}}InStock{{/if}}\">\r\n                            <meta itemprop=\"itemCondition\" itemtype=\"http://schema.org/OfferItemCondition\" content=\"http://schema.org/{{product.condition}}Condition\">\r\n                            <meta itemprop=\"priceCurrency\" content=\"{{currency_selector.active_currency_code}}\">\r\n                            <meta itemprop=\"url\" content=\"{{product.url}}\">\r\n                            <div itemprop=\"priceSpecification\" itemscope itemtype=\"http://schema.org/PriceSpecification\">\r\n                                <meta itemprop=\"price\" content=\"{{price.without_tax.value}}\">\r\n                                <meta itemprop=\"priceCurrency\" content=\"{{currency_selector.active_currency_code}}\">\r\n                                <meta itemprop=\"valueAddedTaxIncluded\" content=\"false\">\r\n                            </div>\r\n                        {{/if}}\r\n                        \r\n                        {{#if price.with_tax}}\r\n                            <abbr title=\"{{lang 'products.excluding_tax'}}\">{{lang 'products.price_without_tax' tax_label=price.tax_label}}</abbr>\r\n                        {{/if}}\r\n                    </div>\r\n                {{/if}}\r\n            \r\n            \r\n            \r\n            {{/and}}\r\n            <script>\r\n                    $(\".price\").each(function() {\r\n                        if($(this).html().indexOf('$999,999.00') > -1 ){\r\n                            $(this).html( $(this).html().split('$999,999.00').join('<span class=\"ask-price\">Ask for Price</span>'));\r\n                        }\r\n                    });\r\n            </script>\r\n    \r\n{{else}}\r\n{{!-- if product page shown --!}}\r\n        {{!-- There are 2 code paths for generating the PDP pricing HTML determined by the following #and condition. \r\n            If a 'price_range' exists then we generate all HTML in price-range.html, otherwise it is defined here. Both code\r\n            paths generate the same HTML structure with some differences in whether that element is displayed by default (css styling).\r\n            \r\n            If you are making a change here or in price-range.html, you probably want to make that change in both files. --}}\r\n                    \r\n            {{#and price.price_range (if theme_settings.price_ranges '==' true)}}\r\n                {{> components/products/price-range price=price schema_org=schema_org}}\r\n            {{else}}\r\n                {{#if price.with_tax}}\r\n                    <div class=\"price-section price-section--withTax rrp-price--withTax\" {{#unless price.rrp_with_tax}}style=\"display: none;\"{{/unless}}>\r\n                        {{theme_settings.pdp-retail-price-label}}\r\n                        <span data-product-rrp-with-tax class=\"price price--rrp\">\r\n                            {{price.rrp_with_tax.formatted}}\r\n                        </span>\r\n                    </div>\r\n                    <div class=\"price-section price-section--withTax non-sale-price--withTax\" {{#unless price.non_sale_price_with_tax}}style=\"display: none;\"{{/unless}}>\r\n                        {{theme_settings.pdp-non-sale-price-label}}\r\n                        <span data-product-non-sale-price-with-tax class=\"price price--non-sale\">\r\n                            {{price.non_sale_price_with_tax.formatted}}\r\n                        </span>\r\n                    </div>\r\n                    <div class=\"price-section price-section--withTax\" {{#if schema_org}}itemprop=\"offers\" itemscope itemtype=\"http://schema.org/Offer\"{{/if}} style=\"display:flex;justify-content: space-between;\">\r\n                        <span class=\"price-label\" {{#if price.non_sale_price_with_tax}}style=\"display: none;\"{{/if}}>\r\n                            {{theme_settings.pdp-price-label}}\r\n                        </span>\r\n                        <span class=\"price-now-label left\" {{#unless price.non_sale_price_with_tax}}style=\"display: none;\"{{/unless}} style=\"color:gray;\">\r\n                            Our Price:\r\n                        </span>\r\n                      \r\n                        {{#if schema_org}}\r\n                            <meta itemprop=\"availability\" itemtype=\"http://schema.org/ItemAvailability\" \r\n                                content=\"http://schema.org/{{#if product.pre_order}}PreOrder{{else if product.out_of_stock}}OutOfStock{{else if product.can_purchase '===' false}}OutOfStock{{else}}InStock{{/if}}\">\r\n                            <meta itemprop=\"itemCondition\" itemtype=\"http://schema.org/OfferItemCondition\" content=\"http://schema.org/{{product.condition}}Condition\">\r\n                            <meta itemprop=\"priceCurrency\" content=\"{{currency_selector.active_currency_code}}\">\r\n                            <meta itemprop=\"url\" content=\"{{product.url}}\">\r\n                            <div itemprop=\"priceSpecification\" itemscope itemtype=\"http://schema.org/PriceSpecification\">\r\n                                <meta itemprop=\"price\" content=\"{{price.with_tax.value}}\">\r\n                                <meta itemprop=\"priceCurrency\" content=\"{{currency_selector.active_currency_code}}\">\r\n                                <meta itemprop=\"valueAddedTaxIncluded\" content=\"true\">\r\n                            </div>\r\n                        {{/if}}\r\n                        {{#if price.without_tax}}\r\n                            <abbr title=\"{{lang 'products.including_tax'}}\">{{lang 'products.price_with_tax' tax_label=price.tax_label}}</abbr>\r\n                        {{/if}}\r\n                        <span data-product-price-with-tax class=\"price price--withTax right\" style=\"font-size:1.4rem;\">{{price.with_tax.formatted}}</span>\r\n                    </div>\r\n                {{/if}}\r\n            \r\n                {{#if price.without_tax}}\r\n                    <div class=\"price-section price-section--withoutTax rrp-price--withoutTax{{#if price.with_tax}} price-section--minor{{/if}}\" {{#unless price.rrp_without_tax}}style=\"display: none;\"{{/unless}}>\r\n                        {{theme_settings.pdp-retail-price-label}}\r\n                        <span data-product-rrp-price-without-tax class=\"price price--rrp\"> \r\n                            {{price.rrp_without_tax.formatted}}\r\n                        </span>\r\n                    </div>\r\n                    <div class=\"price-section price-section--withoutTax non-sale-price--withoutTax{{#if price.with_tax}} price-section--minor{{/if}}\" {{#unless price.non_sale_price_without_tax}}style=\"display: none;\"{{/unless}} style=\"display:flex;justify-content: space-between; align-items: center;width:100%;\">\r\n                        <span class=\"price price--non-sale left\" style=\"text-decoration: none;\">Regular Price: </span>\r\n                        <span data-product-non-sale-price-without-tax class=\"price price--non-sale right\">\r\n                            {{price.non_sale_price_without_tax.formatted}}\r\n                        </span>\r\n                    </div>\r\n               \r\n                    <div class=\"price-section price-section--withoutTax\" {{#if schema_org}}itemprop=\"offers\" itemscope itemtype=\"http://schema.org/Offer\"{{/if}} style=\"display:flex;justify-content: space-between; align-items: center;width:100%;\">\r\n                        <span class=\"price-label\" {{#if price.non_sale_price_without_tax}}style=\"display: none;\"{{/if}}>\r\n                            {{theme_settings.pdp-price-label}}\r\n                        </span>\r\n                        <span class=\"price-now-label left\" {{#unless price.non_sale_price_without_tax}}style=\"display: none;\"{{/unless}} style=\"color:gray\">\r\n                            Our Price:\r\n                        </span>\r\n                       \r\n                        {{#if schema_org}}\r\n                            <meta itemprop=\"availability\" itemtype=\"http://schema.org/ItemAvailability\"\r\n                                content=\"http://schema.org/{{#if product.pre_order}}PreOrder{{else if product.out_of_stock}}OutOfStock{{else if product.can_purchase '===' false}}OutOfStock{{else}}InStock{{/if}}\">\r\n                            <meta itemprop=\"itemCondition\" itemtype=\"http://schema.org/OfferItemCondition\" content=\"http://schema.org/{{product.condition}}Condition\">\r\n                            <meta itemprop=\"priceCurrency\" content=\"{{currency_selector.active_currency_code}}\">\r\n                            <meta itemprop=\"url\" content=\"{{product.url}}\">\r\n                            <div itemprop=\"priceSpecification\" itemscope itemtype=\"http://schema.org/PriceSpecification\">\r\n                                <meta itemprop=\"price\" content=\"{{price.without_tax.value}}\">\r\n                                <meta itemprop=\"priceCurrency\" content=\"{{currency_selector.active_currency_code}}\">\r\n                                <meta itemprop=\"valueAddedTaxIncluded\" content=\"false\">\r\n                            </div>\r\n                        {{/if}}\r\n                        \r\n                        {{#if price.with_tax}}\r\n                            <abbr title=\"{{lang 'products.excluding_tax'}}\">{{lang 'products.price_without_tax' tax_label=price.tax_label}}</abbr>\r\n                        {{/if}}\r\n\r\n                        <span data-product-price-without-tax class=\"price price--withoutTax{{#if price.with_tax}} price-section--minor{{/if}} right\" style=\"font-size:1.4rem;\">{{price.without_tax.formatted}}</span>\r\n                        \r\n                            \r\n                    </div>\r\n                    <div class=\"price-section price-section--saving price\" {{#unless price.saved}}style=\"display: none;\"{{/unless}} style=\"display:flex;justify-content: space-between;align-items: center;width:100%;\">\r\n                        <!-- <span data-product-price-saved class=\"price price--saving left\" style=\"color:gray\">  -->\r\n                        <span class=\"left\" style=\"color:gray\"> \r\n                            You save:\r\n                        </span>\r\n                        <span data-product-price-saved class=\"price price--saving right\">\r\n                            {{price.saved.formatted}}\r\n                        </span>    \r\n                    </div>\r\n                {{/if}}\r\n            \r\n            \r\n            \r\n            {{/and}}\r\n            <script>\r\n                    $(\".price\").each(function() {\r\n                        if($(this).html().indexOf('$999,999.00') > -1 ){\r\n                            $(this).html( $(this).html().split('$999,999.00').join('<span class=\"ask-price\">Ask for Price</span>'));\r\n                        }\r\n                    });\r\n            </script>\r\n    \r\n{{/if}}",
  "components/common/login-for-pricing": "<p translate>Log in for pricing</p>\n",
  "components/products/bulk-discount-rates": "{{#if bulk_discount_rates.length}}\n    {{#if product}}<dt class=\"productView-info-name\">{{lang 'products.bulk_pricing.title'}}</dt>{{/if}}\n    <dd class=\"productView-info-value\">\n        <a href=\"{{product.url}}#bulk_pricing\"\n           {{#unless is_ajax }}data-reveal-id=\"modal-bulk-pricing\"{{/unless}}>\n            {{lang 'products.bulk_pricing.view'}}\n        </a>\n    </dd>\n    <div id=\"modal-bulk-pricing\" class=\"modal modal--small\" data-reveal>\n        <div class=\"modal-header\">\n            <h2 class=\"modal-header-title\">{{lang 'products.bulk_pricing.modal_title'}}</h2>\n            <a href=\"#\" class=\"modal-close\" aria-label=\"Close\"><span aria-hidden=\"true\">&#215;</span></a>\n        </div>\n        <div class=\"modal-body\">\n            <p>{{lang 'products.bulk_pricing.instructions'}}</p>\n            <ul>\n                {{#each bulk_discount_rates}}\n                <li>\n                    {{lang 'products.bulk_pricing.range' min=min max=max}}\n                    {{#if type '===' 'percent'}}\n                    {{lang 'products.bulk_pricing.percent' discount=discount.formatted}}\n                    {{else if type '===' 'fixed'}}\n                    {{lang 'products.bulk_pricing.fixed' discount=discount.formatted}}\n                    {{else if type '===' 'price'}}\n                    {{lang 'products.bulk_pricing.price' discount=discount.formatted}}\n                    {{/if}}\n                </li>\n                {{/each}}\n            </ul>\n        </div>\n    </div>\n{{/if}}\n",
  "components/products/options/date": "<div class=\"form-field\" data-product-attribute=\"date\">\n    <label class=\"form-label form-label--alternate form-label--inlineSmall\" {{#if style}}style=\"{{style}}\" {{/if}}>\n        {{this.display_name}}:\n\n        {{#if required}}\n            <small>{{lang 'common.required'}}</small>\n        {{/if}}\n    </label>\n    <select class=\"form-select form-select--date\" name=\"attribute[{{this.id}}][month]\" {{#if required}}required{{/if}}>\n        <option value=\"\">{{lang 'common.month'}}</option>\n        {{#for 1 12}}\n            <option value=\"{{$index}}\" {{#if ../selected_date.month '==' $index}}selected=\"selected\"{{/if}}>\n                {{lang (concat 'common.short_months.' $index)}}\n            </option>\n        {{/for}}\n    </select>\n    <select class=\"form-select form-select--date\" name=\"attribute[{{this.id}}][day]\" {{#if required}}required{{/if}}>\n        <option value=\"\">{{lang 'common.day'}}</option>\n        {{#for 1 31}}\n            <option value=\"{{$index}}\" {{#if ../selected_date.day '==' $index}}selected=\"selected\"{{/if}}>\n                {{$index}}\n            </option>\n        {{/for}}\n    </select>\n    <select class=\"form-select form-select--date\" name=\"attribute[{{this.id}}][year]\" {{#if required}}required{{/if}}>\n        <option value=\"\">{{lang 'common.year'}}</option>\n        {{#for earliest_year latest_year}}\n            <option value=\"{{$index}}\" {{#if ../selected_date.year '==' $index}}selected=\"selected\"{{/if}}>\n                {{$index}}\n            </option>\n        {{/for}}\n        {{#if earliest_year '==' latest_year}}\n        <option value=\"{{earliest_year}}\" selected=\"selected\">{{earliest_year}}</option>\n        {{/if}}\n    </select>\n</div>\n",
  "components/products/options/input-checkbox": "<div class=\"form-field\" data-product-attribute=\"input-checkbox\">\n    <label class=\"form-label form-label--alternate form-label--inlineSmall\">\n        {{display_name}}:\n\n        {{#if required}}\n            <small>{{lang 'common.required'}}</small>\n        {{/if}}\n    </label>\n    <input type=\"hidden\" name=\"attribute[{{id}}]\" value=\"{{noValue}}\" />\n    <input\n        class=\"form-checkbox\"\n        type=\"checkbox\"\n        name=\"attribute[{{id}}]\"\n        id=\"attribute-check-{{id}}\"\n        value=\"{{value}}\"\n        {{#if checked}}\n            checked\n            data-default\n        {{/if}}\n        {{#if required}}required{{/if}}>\n\n    <label class=\"form-label {{class}}\" for=\"attribute-check-{{id}}\">{{label}}</label>\n</div>\n",
  "components/products/options/input-file": "<div class=\"form-field\" data-product-attribute=\"input-file\">\n    <label class=\"form-label form-label--alternate form-label--inlineSmall\" for=\"attribute_file_{{id}}\">\n        {{ this.display_name }}:\n\n        {{#if required}}\n            <small>{{lang 'common.required'}}</small>\n        {{/if}}\n    </label>\n\n    <input class=\"form-file\" type=\"file\" id=\"attribute_file_{{id}}\" name=\"attribute[{{this.id}}]\" {{#if required}}required{{/if}}>\n    {{#if original_name}}\n        {{{lang 'products.file_option_set' url=file_url name=original_name}}}\n        <label>{{lang 'cart.remove_file'}}<input type=\"checkbox\" name=\"{{file_remove}}\"></label>\n    {{/if}}\n    <p class=\"form-fileDescription\">{{#if file_size}}{{lang 'products.max_filesize'}} <strong>{{file_size}}</strong>, {{/if}}{{#if file_types}}{{lang 'products.filetypes'}} <strong>{{file_types}}</strong>{{/if}}</p>\n\n</div>\n",
  "components/products/options/input-numbers": "<div class=\"form-field\" data-product-attribute=\"input-number\">\n    <label class=\"form-label form-label--alternate form-label--inlineSmall\" for=\"attribute_number_{{id}}\">\n        {{ this.display_name }}:\n\n        {{#if required}}\n            <small>{{lang 'common.required'}}</small>\n        {{/if}}\n    </label>\n\n    <input class=\"form-input\" type=\"number\" id=\"attribute_number_{{id}}\" {{#unless this.integer_only}}step=\"any\"{{/unless}} name=\"attribute[{{this.id}}]\" value=\"{{this.prefill}}\" {{#if required}}required{{/if}}>\n</div>\n",
  "components/products/options/input-text": "<div class=\"form-field\" data-product-attribute=\"input-text\">\n    <label class=\"form-label form-label--alternate form-label--inlineSmall\" for=\"attribute_text_{{id}}\">\n        {{ this.display_name }}:\n\n        {{#if required}}\n            <small>{{lang 'common.required'}}</small>\n        {{/if}}\n    </label>\n\n    <input class=\"form-input form-input--small\" type=\"text\" id=\"attribute_text_{{id}}\" name=\"attribute[{{this.id}}]\" value=\"{{this.prefill}}\" {{#if required}}required{{/if}} {{#if max_length}}maxlength=\"{{max_length}}\"{{/if}}>\n</div>\n",
  "components/products/options/product-list": "<div class=\"form-field\" data-product-attribute=\"product-list\">\n    <label class=\"form-label form-label--alternate form-label--inlineSmall\">\n        {{display_name}}:\n        <span data-option-value></span>\n\n        {{#if required}}\n            <small>{{lang 'common.required'}}</small>\n        {{/if}}\n    </label>\n\n    {{#if values.0.image}}\n        <ul class=\"productOptions-list\">\n            {{#unless required}}\n                <li class=\"productOptions-list-item\">\n                    <input class=\"form-radio\"\n                           type=\"radio\"\n                           name=\"attribute[{{id}}]\"\n                           value=\"0\"\n                           id=\"attribute_productlist_0_{{id}}\"\n                           checked=\"{{#if defaultValue '==' 0}}checked{{/if}}\" required>\n                    <label class=\"form-label\" for=\"attribute_productlist_0_{{id}}\">{{lang 'products.none'}}</label>\n                </li>\n            {{/unless}}\n            {{#each values}}\n                <li class=\"productOptions-list-item\" data-product-attribute-value=\"{{id}}\">\n                    {{#if image}}\n                        <figure class=\"productOptions-list-item-figure\">\n                            {{> components/common/responsive-img\n                                image=image\n                                class=\"productOptions-list-item-image\"\n                                lazyload='lazyload+lqip'\n                            }}\n                        </figure>\n                    {{/if}}\n                    <div class=\"productOptions-list-item-content\">\n                        <input\n                            class=\"form-radio\"\n                            type=\"radio\"\n                            name=\"attribute[{{../id}}]\"\n                            value=\"{{id}}\"\n                            id=\"attribute_productlist_{{../id}}_{{id}}\"\n                            {{#if selected}}\n                                checked\n                                data-default\n                            {{/if}}\n                            {{#if ../required}}required{{/if}}>\n                        <label data-product-attribute-value=\"{{id}}\" class=\"form-label\" for=\"attribute_productlist_{{../id}}_{{id}}\">{{label}}</label>\n                    </div>\n                </li>\n            {{/each}}\n        </ul>\n    {{else}}\n        {{#unless required}}\n        <input class=\"form-radio\"\n               type=\"radio\"\n               name=\"attribute[{{id}}]\"\n               value=\"0\"\n               id=\"attribute_productlist_0_{{id}}\"\n               {{#if defaultValue '==' 0}}checked{{/if}}>\n        <label class=\"form-label\" for=\"attribute_productlist_0_{{id}}\">{{lang 'products.none'}}</label>\n        {{/unless}}\n        {{#each values}}\n            <input\n                class=\"form-radio\"\n                type=\"radio\"\n                name=\"attribute[{{../id}}]\"\n                value=\"{{id}}\"\n                id=\"attribute_productlist_{{../id}}_{{id}}\"\n                {{#if selected}}checked{{/if}}\n                {{#if ../required}}required{{/if}}>\n            <label data-product-attribute-value=\"{{id}}\" class=\"form-label\" for=\"attribute_productlist_{{../id}}_{{id}}\">{{label}}</label>\n        {{/each}}\n    {{/if}}\n</div>\n",
  "components/products/options/set-radio": "<div class=\"form-field\" data-product-attribute=\"set-radio\">\n    <label class=\"form-label form-label--alternate form-label--inlineSmall\">\n        {{ this.display_name }}:\n\n        {{#if required}}\n            <small>{{lang 'common.required'}}</small>\n        {{/if}}\n    </label>\n\n    {{#each this.values}}\n        <input\n            class=\"form-radio\"\n            type=\"radio\"\n            id=\"attribute_radio_{{../id}}_{{id}}\"\n            name=\"attribute[{{../id}}]\"\n            value=\"{{id}}\"\n            {{#if selected}}\n                checked\n                data-default\n            {{/if}}\n            {{#if ../required}}required{{/if}}>\n        <label data-product-attribute-value=\"{{id}}\" class=\"form-label\" for=\"attribute_radio_{{../id}}_{{id}}\">{{this.label}}</label>\n    {{/each}}\n</div>\n",
  "components/products/options/set-rectangle": "<div class=\"form-field\" data-product-attribute=\"set-rectangle\">\n    <label class=\"form-label form-label--alternate form-label--inlineSmall\">\n        {{this.display_name}}:\n        <span data-option-value></span>\n        {{#if required}}\n            <small>{{lang 'common.required'}}</small>\n        {{/if}}\n    </label>\n    {{#each this.values}}\n        <input\n            class=\"form-radio\"\n            type=\"radio\"\n            id=\"attribute_rectangle__{{../id}}_{{id}}\"\n            name=\"attribute[{{../id}}]\"\n            value=\"{{id}}\"\n            {{#if selected}}\n                checked\n                data-default\n            {{/if}}\n            {{#if ../required}}required{{/if}}>\n        <label class=\"form-option\" for=\"attribute_rectangle__{{../id}}_{{id}}\" data-product-attribute-value=\"{{id}}\">\n            <span class=\"form-option-variant\">{{this.label}}</span>\n        </label>\n    {{/each}}\n</div>\n",
  "components/products/options/set-select": "<div class=\"form-field\" data-product-attribute=\"set-select\">\n    <label class=\"form-label form-label--alternate form-label--inlineSmall\" for=\"attribute_select_{{id}}\">\n        {{ this.display_name }}:\n\n        {{#if required}}\n            <small>{{lang 'common.required'}}</small>\n        {{/if}}\n    </label>\n\n    <select class=\"form-select form-select--small\" name=\"attribute[{{this.id}}]\" id=\"attribute_select_{{id}}\" {{#if required}}required{{/if}}>\n        <option value=\"\">{{lang 'products.choose_options'}}</option>\n        {{#each this.values}}\n            <option data-product-attribute-value=\"{{id}}\" value=\"{{id}}\" {{#if selected}}selected data-default{{/if}}>{{label}}</option>\n        {{/each}}\n    </select>\n</div>\n",
  "components/products/options/swatch": "<div class=\"form-field\" data-product-attribute=\"swatch\">\n    <label class=\"form-label form-label--alternate form-label--inlineSmall\">\n        {{this.display_name}}:\n        <span data-option-value></span>\n\n        {{#if required}}\n            <small>{{lang 'common.required'}}</small>\n        {{/if}}\n    </label>\n\n    {{#each this.values}}\n        <input class=\"form-radio\" type=\"radio\" name=\"attribute[{{../id}}]\" value=\"{{id}}\" id=\"attribute_swatch_{{../id}}_{{id}}\" {{#if selected}}checked data-default{{/if}} {{#if ../required}}required{{/if}}>\n        <label class=\"form-option form-option-swatch\" for=\"attribute_swatch_{{../id}}_{{id}}\" data-product-attribute-value=\"{{id}}\">\n            {{#if image}}\n                <span class='form-option-variant form-option-variant--pattern' title=\"{{this.label}}\" style=\"background-image: url('{{getImage image \"swatch_option_size\"}}');\"></span>\n            {{/if}}\n            {{#if data.[2]}}\n                <span class='form-option-variant form-option-variant--color' title=\"{{this.label}}\" style=\"background-color: #{{data.[0]}}\"></span>\n                <span class='form-option-variant form-option-variant--color' title=\"{{this.label}}\" style=\"background-color: #{{data.[1]}}\"></span>\n                <span class='form-option-variant form-option-variant--color' title=\"{{this.label}}\" style=\"background-color: #{{data.[2]}}\"></span>\n            {{else}}\n                {{#if data.[1]}}\n                    <span class='form-option-variant form-option-variant--color' title=\"{{this.label}}\" style=\"background-color: #{{data.[0]}}\"></span>\n                    <span class='form-option-variant form-option-variant--color' title=\"{{this.label}}\" style=\"background-color: #{{data.[1]}}\"></span>\n                {{else}}\n                    {{#if data.[0]}}\n                        <span class='form-option-variant form-option-variant--color' title=\"{{this.label}}\" style=\"background-color: #{{data.[0]}}\"></span>\n                    {{/if}}\n                {{/if}}\n            {{/if}}\n            {{#if pattern}}\n                <span class=\"form-option-expanded\">\n                    <span class=\"form-option-image\" style=\"background-image: url('{{getImage image 'core-swatch'}}');\"></span>\n                </span>\n            {{/if}}\n        </label>\n    {{/each}}\n</div>\n",
  "components/products/options/textarea": "<div class=\"form-field\" data-product-attribute=\"textarea\">\n    <label class=\"form-label form-label--alternate form-label--inlineSmall\" for=\"attribute_textarea_{{id}}\">\n        {{display_name}}:\n\n        {{#if required}}\n            <small>{{lang 'common.required'}}</small>\n        {{/if}}\n    </label>\n\n    <textarea class=\"form-input\" id=\"attribute_textarea_{{id}}\" name=\"attribute[{{id}}]\" {{#if required}}required{{/if}} {{#if max_length}}maxlength={{max_length}}{{/if}}>{{prefill}}</textarea>\n</div>\n",
  "components/products/price-range": "{{#and price.retail_price_range.min.with_tax price.retail_price_range.max.with_tax}}\n    <div class=\"price-section price-section--withTax rrp-price--withTax\">\n        {{theme_settings.pdp-retail-price-label}}\n        <span data-product-rrp-price-with-tax class=\"price price--rrp\">{{price.retail_price_range.min.with_tax.formatted}} - {{price.retail_price_range.max.with_tax.formatted}}</span>\n    </div>\n{{else}}\n    {{#if price.with_tax}}\n        <div class=\"price-section price-section--withTax rrp-price--withTax\">\n            {{theme_settings.pdp-retail-price-label}}\n            <span data-product-rrp-with-tax class=\"price price--rrp\">\n                {{price.rrp_with_tax.formatted}}\n            </span>\n        </div>\n    {{/if}}\n{{/and}}\n{{#and price.price_range.min.with_tax price.price_range.max.with_tax}}\n    {{!-- Never display the \"non-sales price\" if there is a price range to be shown, but we do want the element on the page --}}\n    <div class=\"price-section price-section--withTax non-sale-price--withTax\">\n        {{theme_settings.pdp-non-sale-price-label}}\n        <span data-product-non-sale-price-with-tax class=\"price price--non-sale\">\n            {{price.non_sale_price_with_tax.formatted}}\n        </span>\n    </div>\n    <div class=\"price-section price-section--withTax\" {{#if schema_org}}itemprop=\"offers\" itemscope itemtype=\"http://schema.org/Offer\"{{/if}}>\n        <span class=\"price-label\">{{theme_settings.pdp-price-label}}</span>\n        <span class=\"price-now-label\">{{theme_settings.pdp-sale-price-label}}</span>\n        <span data-product-price-with-tax class=\"price price--withTax\">{{price.price_range.min.with_tax.formatted}} - {{price.price_range.max.with_tax.formatted}}</span>\n        {{#and price.price_range.min.without_tax price.price_range.max.without_tax}}\n            <abbr title=\"{{lang 'products.including_tax'}}\">{{lang 'products.price_with_tax' tax_label=price.price_range.min.tax_label}}</abbr>\n        {{/and}}\n        {{#if schema_org}}\n            <meta itemprop=\"availability\" itemtype=\"http://schema.org/ItemAvailability\"\n                    content=\"http://schema.org/{{#if product.pre_order}}PreOrder{{else if product.out_of_stock}}OutOfStock{{else if product.can_purchase '===' false}}OutOfStock{{else}}InStock{{/if}}\">\n            <meta itemprop=\"itemCondition\" itemtype=\"http://schema.org/OfferItemCondition\" content=\"http://schema.org/{{product.condition}}Condition\">\n            <meta itemprop=\"priceCurrency\" content=\"{{currency_selector.active_currency_code}}\">\n            <meta itemprop=\"url\" content=\"{{product.url}}\">\n            <div itemprop=\"priceSpecification\" itemscope itemtype=\"http://schema.org/PriceSpecification\">\n                <meta itemprop=\"minPrice\" content=\"{{price_range.min.with_tax.value}}\"  />\n                <meta itemprop=\"price\" content=\"{{price_range.min.with_tax.value}}\">\n                <meta itemprop=\"maxPrice\" content=\"{{price_range.max.with_tax.value}}\"  />\n                <meta itemprop=\"priceCurrency\" content=\"{{currency_selector.active_currency_code}}\">\n                <meta itemprop=\"valueAddedTaxIncluded\" content=\"true\">\n            </div>\n        {{/if}}\n    </div>\n{{/and}}\n{{#and price.retail_price_range.min.without_tax price.retail_price_range.max.without_tax}}\n    <div class=\"price-section price-section--withoutTax rrp-price--withoutTax{{#if price.with_tax}} price-section--minor{{/if}}\">\n        {{theme_settings.pdp-retail-price-label}}\n        <span data-product-rrp-price-without-tax class=\"price price--rrp\">{{price.retail_price_range.min.without_tax.formatted}} - {{price.retail_price_range.max.without_tax.formatted}}</span>\n    </div>\n{{else}}\n    {{#if price.without_tax}}\n        <div class=\"price-section price-section--withoutTax rrp-price--withoutTax{{#if price.with_tax}} price-section--minor{{/if}}\">\n            {{theme_settings.pdp-retail-price-label}}\n            <span data-product-rrp-price-without-tax class=\"price price--rrp\">\n                {{price.rrp_without_tax.formatted}}\n            </span>\n        </div>\n    {{/if}}\n{{/and}}\n{{#and price.price_range.min.without_tax price.price_range.max.without_tax}}\n    {{!-- Never display the \"non-sales price\" if there is a price range to be shown, but we do want the element on the page --}}\n    <div class=\"price-section price-section--withoutTax non-sale-price--withoutTax{{#if price.with_tax}} price-section--minor{{/if}}\">\n        {{theme_settings.pdp-non-sale-price-label}}\n        <span data-product-non-sale-price-without-tax class=\"price price--non-sale\">\n            {{price.non_sale_price_without_tax.formatted}}\n        </span>\n    </div>\n    <div class=\"price-section price-section--withoutTax{{#and price_range.min.with_tax price_range.max.with_tax}} price-section--minor{{/and}}\" {{#if schema_org}}itemprop=\"offers\" itemscope itemtype=\"http://schema.org/Offer\"{{/if}}>\n        <span class=\"price-label\">{{theme_settings.pdp-price-label}}</span>\n        <span class=\"price-now-label\">{{theme_settings.pdp-sale-price-label}}</span>\n        <span data-product-price-without-tax class=\"price price--withoutTax\">{{price.price_range.min.without_tax.formatted}} - {{price.price_range.max.without_tax.formatted}}</span>\n        {{#and price.price_range.min.with_tax price.price_range.max.with_tax}}\n            <abbr title=\"{{lang 'products.excluding_tax'}}\">{{lang 'products.price_without_tax' tax_label=price.price_range.min.tax_label}}</abbr>\n        {{/and}}\n        {{#if schema_org}}\n            <meta itemprop=\"availability\" itemtype=\"http://schema.org/ItemAvailability\"\n                    content=\"http://schema.org/{{#if product.pre_order}}PreOrder{{else if product.out_of_stock}}OutOfStock{{else if product.can_purchase '===' false}}OutOfStock{{else}}InStock{{/if}}\">\n            <meta itemprop=\"itemCondition\" itemtype=\"http://schema.org/OfferItemCondition\" content=\"http://schema.org/{{product.condition}}Condition\">\n            <meta itemprop=\"priceCurrency\" content=\"{{currency_selector.active_currency_code}}\">\n            <meta itemprop=\"url\" content=\"{{product.url}}\">\n            <div itemprop=\"priceSpecification\" itemscope itemtype=\"http://schema.org/PriceSpecification\">\n                <meta itemprop=\"minPrice\" content=\"{{price.price_range.min.without_tax.value}}\"  />\n                <meta itemprop=\"price\" content=\"{{price.price_range.min.without_tax.value}}\">\n                <meta itemprop=\"maxPrice\" content=\"{{price.price_range.max.without_tax.value}}\"  />\n                <meta itemprop=\"priceCurrency\" content=\"{{currency_selector.active_currency_code}}\">\n                <meta itemprop=\"valueAddedTaxIncluded\" content=\"false\">\n            </div>\n        {{/if}}\n    </div>\n{{/and}}\n\n{{!-- Never display the \"saving price\" element by default if there is a price range on the page to be shown --}}\n{{#if page_type '===' 'product'}}\n     <div class=\"price-section price-section--saving price\">\n            <span class=\"price\">{{lang 'products.you_save_opening_text'}}</span>\n            <span data-product-price-saved class=\"price price--saving\">\n                {{price.saved.formatted}}\n            </span>\n            <span class=\"price\">{{lang 'products.you_save_closing_bracket'}}</span>\n     </div>\n{{/if}}\n"
}